customer_id,first_name,last_name,email,join_date
1,Sylvia,Carr,williamsmichael@example.com,2021-09-23
2,Stephen,Medina,ashley38@example.net,2023-05-24
3,Elizabeth,Johnson,tcole@example.net,2022-12-03
4,Brett,Santiago,tbernard@example.com,2021-07-10
5,Stephanie,Perez,rmitchell@example.net,2021-12-11
6,Donna,Benitez,vlee@example.net,2021-04-25
7,Robin,Flores,wcampbell@example.org,2021-01-03
8,Justin,David,tjones@example.com,2019-12-26
9,Jennifer,Stephens,zimmermanelizabeth@example.com,2023-03-17
10,Stephanie,Chavez,perrytommy@example.net,2023-04-01
11,Benjamin,Clements,orich@example.org,2023-01-17
12,Cody,Boyle,rogerthornton@example.org,2022-01-19
13,Ashley,Jordan,gonzalezlynn@example.org,2024-08-06
14,Taylor,Lawson,tara29@example.net,2020-05-28
15,Jennifer,Mcdonald,njohns@example.net,2023-04-12
16,Abigail,Miller,jacoblowe@example.com,2021-03-27
17,Kenneth,Bell,perezmaria@example.com,2021-11-02
18,George,Beard,laurahayes@example.net,2021-03-25
19,Edward,Oneill,uwebster@example.com,2021-10-10
20,Jason,Arnold,freemanrobert@example.net,2022-07-15
21,Linda,Taylor,arieljames@example.net,2023-11-02
22,Scott,Johnson,matthew63@example.net,2023-09-20
23,Sarah,Barrett,onoble@example.com,2022-02-25
24,Paul,Riddle,rmartin@example.org,2023-12-17
25,Christopher,Parsons,alvaradojamie@example.org,2021-02-03
26,Nicholas,Brooks,jodiwise@example.org,2021-08-28
27,Mackenzie,Parker,elizabeth94@example.com,2019-11-25
28,Yvette,Washington,chandlerthomas@example.org,2024-05-13
29,Stephanie,Oconnell,anthonykim@example.com,2023-08-14
30,Jeffrey,Andrews,kowens@example.org,2024-05-08
31,Stephen,Ortiz,megan62@example.net,2023-05-11
32,Deborah,Henderson,mmoore@example.net,2020-08-06
33,Miranda,Mason,johnsonlaura@example.org,2022-03-04
34,Rodney,Berry,taradiaz@example.net,2021-01-22
35,Robert,Rodriguez,conleydonald@example.org,2022-04-18
36,Paul,Garcia,lisahenry@example.net,2021-06-20
37,David,Perez,morenojaime@example.com,2020-02-27
38,Glenn,Fischer,kelsey22@example.net,2023-05-15
39,Kelly,Brown,lpearson@example.org,2021-02-05
40,Amy,Harper,blackbrian@example.net,2021-10-21
41,Michele,Johns,ballen@example.org,2022-09-13
42,Lori,Diaz,garrett79@example.net,2023-03-16
43,Robert,Strickland,vasquezheather@example.org,2023-07-18
44,Jane,Vasquez,marymartin@example.org,2022-12-27
45,Michael,Mitchell,yhernandez@example.com,2020-07-30
46,Emily,Hill,hortonalison@example.org,2020-11-01
47,William,Brown,jerome07@example.com,2023-12-22
48,Nicholas,Johnson,wtaylor@example.net,2022-09-26
49,Kimberly,Massey,lewismary@example.org,2023-03-04
50,Jennifer,Ortiz,nancywilliams@example.com,2024-08-11
51,William,Mcdaniel,cameronrichard@example.com,2020-04-11
52,Roger,Wilson,george90@example.com,2024-07-23
53,Chelsea,Allen,wcollier@example.net,2019-09-22
54,Matthew,Griffin,kevinwright@example.org,2023-06-29
55,Matthew,Hernandez,morrismelissa@example.org,2022-01-04
56,Tammy,Holmes,hwalton@example.org,2019-09-14
57,Kerri,Knapp,erinperry@example.org,2020-10-06
58,Brittany,Gonzales,eringarcia@example.org,2022-08-21
59,Richard,Doyle,reneewest@example.com,2023-12-17
60,Keith,Baker,amy65@example.com,2024-01-31
61,John,Flowers,jeremy68@example.org,2023-08-27
62,Erin,Evans,cclark@example.com,2020-08-30
63,Steve,Hernandez,elizabeth76@example.com,2020-09-18
64,Alexandra,Fletcher,bchapman@example.com,2020-10-01
65,Christine,Shaw,laura89@example.net,2023-08-30
66,Ryan,Stafford,hughesshannon@example.net,2020-09-27
67,Stephanie,Turner,wburke@example.org,2021-06-10
68,Amy,Coffey,kristin84@example.org,2019-10-12
69,Phillip,Moody,carlostorres@example.com,2019-11-28
70,Eric,Ramirez,harriselizabeth@example.org,2022-08-20
71,Samantha,Hopkins,millerstephanie@example.org,2020-06-30
72,Linda,Taylor,imartinez@example.com,2023-12-06
73,Kelsey,Burke,combsjoel@example.org,2022-09-15
74,Christian,Eaton,christopher58@example.net,2022-06-10
75,Guy,Baldwin,ricejoseph@example.net,2020-05-03
76,Natasha,Johnson,elizabethjordan@example.net,2022-06-10
77,Amy,Rodriguez,davisbrooke@example.com,2021-01-20
78,Dale,Taylor,morenodebra@example.org,2023-10-23
79,David,Jensen,allenkyle@example.com,2020-01-16
80,Daniel,Fuentes,stewartdonald@example.org,2022-12-30
81,Thomas,Browning,jthompson@example.net,2023-02-08
82,Mary,Richardson,mikegarcia@example.net,2020-05-08
83,James,Montoya,heather50@example.com,2021-06-30
84,Stephen,Martinez,scott83@example.net,2021-01-29
85,Hannah,Clark,pacewilliam@example.com,2021-09-06
86,Jennifer,Juarez,joshuastewart@example.net,2023-02-02
87,Victoria,Armstrong,rebecca91@example.com,2024-02-13
88,Walter,Yang,jillmiller@example.com,2021-04-28
89,Robert,Kramer,elizabeth57@example.net,2023-09-23
90,Michael,Martinez,mhensley@example.net,2022-09-05
91,Edward,Garcia,codylittle@example.net,2019-10-14
92,Gabriel,Jones,kristinjacobs@example.net,2021-05-09
93,Kristine,Rogers,kennethsmith@example.com,2020-01-17
94,Kelly,Luna,arielhernandez@example.org,2024-02-12
95,Erica,Wilson,rcastaneda@example.com,2021-12-06
96,Daniel,Owen,waynebutler@example.com,2021-04-28
97,Jennifer,Edwards,buchananwilliam@example.com,2023-12-16
98,Michael,Gonzales,jwells@example.org,2021-09-07
99,David,Sutton,wwoods@example.com,2020-09-04
100,Jeremy,Walters,conniegreene@example.net,2023-10-28
101,Kenneth,Cowan,dennisnguyen@example.org,2023-09-12
102,Kathy,Richardson,watsonbrandon@example.com,2019-08-30
103,Caitlin,Avila,josephguerrero@example.com,2021-11-15
104,Guy,Matthews,ghenry@example.com,2021-04-05
105,Larry,Allen,mccarthypamela@example.net,2024-01-20
106,Jesse,Snyder,rpoole@example.net,2020-12-08
107,Reginald,Herrera,lpham@example.org,2024-07-18
108,Kelly,Williams,aescobar@example.net,2024-06-24
109,Michelle,Hall,justin81@example.org,2020-07-28
110,Alexis,Morgan,osilva@example.net,2023-09-27
111,Andrea,Gonzalez,ojohnson@example.net,2021-08-02
112,Julie,Robinson,arojas@example.net,2021-11-15
113,Joshua,Davis,staceyrodriguez@example.net,2021-04-10
114,Jessica,Wolfe,vmartin@example.com,2022-12-20
115,Antonio,Rodriguez,davisethan@example.com,2020-12-29
116,Derek,Evans,joe97@example.com,2023-04-17
117,William,Brown,suarezemily@example.net,2020-01-22
118,Anthony,Sanchez,jessica13@example.com,2021-06-15
119,Phillip,Sanchez,gboone@example.com,2021-06-02
120,Curtis,Booth,ramosstephanie@example.com,2021-11-16
121,David,Drake,williamferguson@example.net,2021-06-08
122,Anna,Phillips,michaelevans@example.net,2024-02-29
123,Charles,Summers,patriciamoore@example.net,2022-04-27
124,Kevin,Gonzalez,david00@example.org,2020-12-31
125,Patricia,Fisher,amy42@example.net,2021-05-31
126,Rhonda,Bridges,darrellfarmer@example.org,2023-12-25
127,Jennifer,White,wyattjames@example.org,2023-05-20
128,Mary,Nunez,miguelblevins@example.net,2023-10-30
129,Richard,Hall,xsingh@example.com,2024-03-27
130,Isaac,Booker,cynthiaburke@example.com,2020-03-23
131,Jessica,Clark,okemp@example.org,2023-05-06
132,Nicole,Walters,andrewsoto@example.com,2021-09-20
133,Amber,Schmidt,juliaortiz@example.org,2020-11-15
134,Christopher,Green,macdonaldmonique@example.net,2021-07-26
135,Julie,Bruce,wrobinson@example.org,2019-11-20
136,Ashley,Patel,youngmegan@example.com,2023-01-04
137,Michael,Stark,williamterry@example.net,2021-05-17
138,Gregory,Parker,ejohnson@example.net,2019-09-25
139,Theresa,Howard,higginsdonald@example.org,2019-11-19
140,Angela,Randall,katherine48@example.net,2021-07-28
141,Julie,Stanley,ashley41@example.com,2021-02-05
142,Diane,Frazier,zparker@example.com,2021-04-13
143,Donald,Gomez,wheelernancy@example.com,2022-02-11
144,Candace,Austin,amorgan@example.net,2022-09-15
145,Nicole,Francis,amandamolina@example.com,2022-11-24
146,Kathleen,Mejia,kathleen29@example.net,2021-05-11
147,Laura,Stanton,hicksrobert@example.org,2023-05-14
148,Daniel,Cooper,omcintosh@example.com,2022-01-01
149,Pamela,Hodges,arnoldsara@example.com,2019-08-31
150,Adam,Morris,joebaker@example.net,2022-03-26
151,Jeffrey,Collins,christophertaylor@example.org,2023-05-07
152,Lisa,White,stevenbrown@example.net,2020-02-22
153,Melanie,Mueller,daniel96@example.com,2021-04-05
154,Jennifer,Johns,justinschneider@example.net,2023-04-01
155,Roger,Davis,michaelhicks@example.org,2024-04-26
156,Fernando,Martinez,brian17@example.net,2020-04-06
157,Jeffrey,Reese,ashley06@example.com,2021-03-06
158,Rebecca,Brock,cruzrachel@example.com,2023-06-27
159,Gail,Peters,zowens@example.org,2020-02-18
160,Benjamin,Norman,baileymary@example.org,2023-11-27
161,Ariana,Santana,tbaldwin@example.org,2021-01-18
162,Diane,Porter,ymccoy@example.org,2020-07-21
163,Kimberly,Cooper,danielfields@example.net,2022-06-16
164,Margaret,Mccann,diana95@example.net,2023-01-27
165,Robert,Williams,beasleybrittany@example.com,2024-01-26
166,Paul,Sutton,curtiswalls@example.net,2023-06-22
167,Tricia,Woods,lucaswarner@example.org,2023-06-17
168,Tracy,Walters,jack71@example.org,2020-10-29
169,Shirley,Wade,lewisedward@example.org,2023-07-30
170,Robert,Lawrence,alyssahill@example.com,2024-03-30
171,Mark,Massey,lopezjames@example.net,2021-05-26
172,Kristin,Johnson,darrell84@example.com,2020-10-09
173,Wesley,Barker,racheldelgado@example.org,2023-12-25
174,John,Koch,ryan06@example.org,2023-08-23
175,Jason,Hill,taylorjacob@example.org,2020-08-14
176,Justin,Hill,lmurphy@example.org,2019-11-18
177,Chris,Lyons,mjordan@example.com,2022-03-31
178,Marissa,Rogers,asilva@example.net,2023-12-29
179,Lisa,Thomas,cbrown@example.org,2021-11-02
180,David,Dyer,ppena@example.net,2023-03-22
181,Lisa,Munoz,michellevasquez@example.org,2019-09-03
182,Jared,Higgins,ecervantes@example.net,2021-11-12
183,Robert,Butler,shieldslawrence@example.com,2023-11-24
184,Randall,Mitchell,preeves@example.net,2022-11-01
185,Michael,Nelson,samantha00@example.net,2023-11-27
186,Nicholas,Anderson,robert56@example.net,2023-07-25
187,Gary,Rodriguez,kathleen77@example.net,2022-10-20
188,Kayla,Whitaker,williamsruth@example.net,2021-04-21
189,David,Wood,john18@example.com,2023-12-08
190,Thomas,Dunlap,rryan@example.com,2024-06-06
191,Kristin,Lewis,richardlee@example.com,2022-01-24
192,Cynthia,Wilson,mark94@example.net,2019-12-31
193,Scott,Roy,bradleydaugherty@example.com,2020-09-13
194,Brittany,Hernandez,wongbrandon@example.org,2022-02-16
195,Megan,Nicholson,hunteroscar@example.org,2020-01-01
196,Amy,Hayes,mathewsjennifer@example.org,2020-03-09
197,Marc,Turner,gabriellecruz@example.com,2022-07-14
198,Christopher,Keith,russelllowe@example.net,2023-08-22
199,Adam,King,sharon50@example.com,2020-12-04
200,Anthony,Melton,mhopkins@example.org,2024-01-21
201,Yesenia,Martin,tylercook@example.net,2024-04-28
202,Sonia,Rose,annapotter@example.org,2024-04-19
203,Angela,Best,matthewedwards@example.org,2023-04-19
204,Peter,Johnson,matthewsmichael@example.net,2023-06-08
205,David,Dennis,aprilpeters@example.net,2022-06-14
206,Nathan,Hodge,carolynholt@example.com,2022-05-23
207,Diamond,Alvarez,jenniferjohnson@example.com,2024-01-05
208,Mary,Benjamin,emily34@example.net,2023-12-02
209,Brandi,Lewis,michael08@example.org,2021-05-07
210,Kimberly,Allison,velezerika@example.net,2021-03-17
211,Christopher,Baker,michaelsnow@example.net,2022-08-21
212,Amy,Smith,earlwilliams@example.net,2020-11-04
213,Vanessa,Allen,mnelson@example.org,2022-01-29
214,Melissa,Spencer,wsolis@example.net,2021-12-26
215,Mary,Butler,kathryncooke@example.org,2020-10-31
216,Andrew,Copeland,pdalton@example.com,2024-07-14
217,Kayla,Thomas,pking@example.org,2024-02-13
218,Louis,Smith,kellyjason@example.org,2021-12-17
219,Leah,Bolton,coryhunter@example.com,2022-07-02
220,Mario,Powers,vickijefferson@example.net,2020-10-16
221,Susan,Stephenson,shawnmurphy@example.net,2024-01-27
222,Calvin,Carr,travismartin@example.org,2020-11-24
223,Bryan,Torres,vancekimberly@example.com,2019-12-24
224,Michelle,Mcbride,martinezbrenda@example.net,2023-01-24
225,Laura,Smith,owensbrittany@example.com,2019-10-14
226,Megan,Martinez,andreastokes@example.org,2019-11-26
227,Ashley,Blair,ujimenez@example.org,2022-09-24
228,Rebecca,Foster,ashley53@example.com,2021-10-19
229,Madison,White,robertsmith@example.com,2022-09-22
230,Sherri,Morgan,dunnjacqueline@example.net,2024-06-02
231,Jennifer,Rodriguez,javier51@example.net,2023-07-19
232,Justin,Kelley,betty32@example.net,2020-08-16
233,Rachel,Nguyen,diana47@example.com,2019-12-15
234,David,Webster,xchaney@example.com,2022-11-26
235,David,Rocha,melodymoore@example.com,2022-11-05
236,Susan,Sandoval,catherine21@example.com,2020-05-28
237,James,Clark,timothy72@example.net,2022-09-03
238,Lisa,Blankenship,teresaswanson@example.org,2022-05-15
239,Kenneth,Duncan,shelly08@example.com,2022-02-16
240,Christopher,Johnson,ykirk@example.net,2024-06-16
241,Julie,Johnson,chad07@example.com,2021-12-05
242,Elizabeth,Jones,sophia84@example.org,2023-09-26
243,Zachary,Powell,monica88@example.com,2020-07-07
244,Rebecca,Moore,phamvalerie@example.com,2022-09-18
245,Blake,Graham,millershannon@example.org,2022-04-02
246,Kimberly,Cantu,glennchristina@example.org,2020-02-29
247,Roberta,Martinez,shannon47@example.org,2023-07-13
248,Christine,Nelson,uvillarreal@example.net,2022-02-01
249,Joyce,Banks,cody96@example.org,2023-10-25
250,Molly,Nguyen,victoria90@example.org,2021-06-20
251,Maria,Carter,amymorales@example.net,2022-02-15
252,Laurie,Castillo,john25@example.net,2021-03-16
253,Angela,Edwards,morrissara@example.com,2021-09-08
254,Lucas,Gray,johnnyhiggins@example.net,2023-08-06
255,Andrea,Snyder,maria83@example.com,2021-09-25
256,Kara,Green,valerie38@example.org,2024-03-28
257,Jasmine,Brown,erin45@example.com,2022-05-26
258,John,Mitchell,lisa39@example.org,2020-07-19
259,Jennifer,Green,iwilson@example.com,2024-06-10
260,Melissa,Schultz,adamsoscar@example.com,2024-02-02
261,Karen,Roy,bgoodman@example.org,2023-06-24
262,Caitlyn,Smith,davisjames@example.org,2020-11-09
263,Anthony,Colon,mathewssharon@example.org,2021-02-18
264,Kelly,Byrd,pcoffey@example.com,2021-02-26
265,John,Dixon,taylor31@example.org,2020-05-12
266,Jillian,Russell,tina27@example.org,2024-05-10
267,Elizabeth,Peterson,melissa19@example.net,2024-03-21
268,Brad,Garcia,staciegarcia@example.org,2023-03-18
269,Jeffrey,Schmidt,orozcomichaela@example.com,2021-05-08
270,Robert,Brown,jo42@example.com,2024-01-13
271,Brian,Freeman,oscarpayne@example.com,2020-05-15
272,Trevor,Lewis,paulbuck@example.org,2021-07-11
273,Pamela,Bennett,priceanna@example.org,2020-05-19
274,Brian,Hall,hunterharris@example.org,2022-09-17
275,James,Allen,marytorres@example.net,2020-05-16
276,Lisa,Brown,jesse28@example.net,2019-09-09
277,Carrie,Young,kevinayers@example.com,2020-02-12
278,Clifford,Neal,peckpatrick@example.org,2022-01-09
279,Nicholas,Sullivan,ejones@example.net,2022-07-23
280,Mary,Martin,ckent@example.com,2024-06-10
281,Katherine,Evans,rjacobs@example.com,2024-03-23
282,John,Turner,michaelrodriguez@example.org,2023-09-14
283,Martin,Johnson,mark98@example.org,2023-04-30
284,Victoria,Allen,ndiaz@example.net,2023-09-18
285,Amanda,Abbott,goodmandavid@example.com,2024-03-07
286,Jesse,Obrien,birdalexander@example.com,2021-07-18
287,Sheila,Smith,michaelshannon@example.com,2021-12-24
288,Judy,Moss,ovega@example.org,2020-03-20
289,Billy,Young,brittneyrichardson@example.com,2022-12-06
290,Susan,Wright,richardmathews@example.net,2019-12-04
291,Daniel,Barrett,warnerronald@example.com,2023-08-22
292,Brittany,Mckinney,lambmelanie@example.net,2022-08-23
293,Trevor,Mcgee,saunderslawrence@example.net,2020-10-09
294,Mark,Ortiz,dchavez@example.com,2022-01-04
295,Karen,Floyd,martinderek@example.net,2019-10-30
296,Jasmine,Owens,dkramer@example.org,2019-12-03
297,Richard,Mitchell,jonesvincent@example.net,2022-06-05
298,Debra,Baker,lmendoza@example.net,2020-07-19
299,Madison,Edwards,april13@example.org,2022-05-27
300,John,Wiggins,caitlin11@example.net,2022-12-10
301,Chloe,Bryant,kayla06@example.com,2022-12-08
302,Karen,Parks,mccoyjoseph@example.com,2023-12-08
303,Debbie,Warren,nhodges@example.org,2023-05-05
304,Carmen,Smith,durhamtyler@example.com,2023-10-11
305,Donna,Dunn,lisahernandez@example.com,2021-10-13
306,Dave,Mccormick,ecole@example.com,2024-02-04
307,Cole,Porter,wkirby@example.org,2021-04-27
308,Eric,Jimenez,xjohnson@example.com,2021-09-11
309,Timothy,Martin,robin11@example.org,2024-03-30
310,Jason,Peterson,phillipscynthia@example.com,2021-04-24
311,Heather,Clark,scott39@example.org,2021-03-08
312,Douglas,Scott,melissa51@example.com,2023-04-02
313,Michael,Pena,virginia62@example.org,2022-06-18
314,Denise,Hurst,mitchell25@example.com,2023-11-01
315,Joanne,Dodson,sstevens@example.net,2024-02-04
316,Shannon,Cochran,adamcastro@example.org,2022-08-11
317,Jonathan,Brown,vbutler@example.org,2023-03-15
318,Donald,Romero,kimberlyharris@example.net,2022-08-01
319,Joseph,Schmidt,youngjohn@example.com,2023-02-28
320,Shannon,Green,ymorton@example.com,2019-11-28
321,Marilyn,Rose,perezdominique@example.com,2020-04-26
322,Melissa,Kim,cassandraalexander@example.com,2023-02-17
323,Jamie,Pacheco,markreyes@example.com,2024-03-30
324,Christopher,Coleman,benjaminhart@example.com,2022-02-20
325,Heather,Roberts,zspence@example.org,2019-10-17
326,Teresa,Jimenez,elizabethwilliams@example.com,2024-03-13
327,Derek,Edwards,davidpittman@example.com,2020-03-26
328,Michelle,Russell,rtrevino@example.org,2021-06-08
329,Donna,Henson,mayogordon@example.org,2021-04-08
330,Chad,Watson,ohenderson@example.net,2023-07-03
331,Rachel,Martinez,jennifer26@example.org,2024-07-22
332,John,White,caseyboone@example.net,2020-02-26
333,Matthew,Turner,ktravis@example.org,2023-08-27
334,William,Richmond,francisdebbie@example.org,2024-04-18
335,Timothy,Rodriguez,danielguzman@example.net,2022-08-23
336,Megan,Sexton,kfernandez@example.org,2023-04-09
337,Bruce,Cochran,maxbennett@example.net,2023-01-28
338,Felicia,Martin,smithmichael@example.org,2022-06-05
339,Kimberly,Jimenez,qdixon@example.net,2019-10-02
340,Sara,Rodriguez,fischerdana@example.org,2021-04-29
341,Cody,Patel,stephendavis@example.com,2022-04-23
342,Joshua,Boyer,michellepatterson@example.net,2023-03-02
343,Paul,Scott,isanchez@example.org,2021-02-18
344,Sara,Jackson,mwelch@example.org,2022-07-06
345,Rachel,Morris,benjamin12@example.com,2024-07-27
346,Christine,Lawrence,salexander@example.org,2024-01-22
347,Jason,Smith,russellnicholas@example.org,2019-11-26
348,Karen,French,pturner@example.com,2024-03-30
349,Ethan,Griffin,yolanda55@example.com,2020-03-17
350,Jessica,Rivers,aprilgaines@example.org,2023-05-29
351,Michael,Newman,stephanie81@example.net,2019-08-27
352,Brooke,Medina,kristen19@example.net,2022-04-20
353,Victoria,Beard,mullinsmarcus@example.net,2023-11-12
354,Gregory,Lambert,rebeccatran@example.net,2021-06-17
355,Matthew,Salazar,leematthew@example.com,2024-01-18
356,Jeffrey,Gardner,lyonsangela@example.net,2023-02-24
357,Heather,Soto,wrightjuan@example.org,2021-10-24
358,Christopher,Grant,douglasobrien@example.net,2020-04-29
359,Eric,Reynolds,harold75@example.com,2023-09-15
360,Madison,Henry,javier88@example.com,2023-04-10
361,Louis,Delgado,lchambers@example.net,2020-08-07
362,Susan,Walton,mooremorgan@example.org,2022-04-28
363,Michael,Mills,daniel21@example.net,2020-06-25
364,Gary,Morrow,tammystout@example.net,2021-04-18
365,Nicholas,Brown,deangill@example.org,2022-11-21
366,Kayla,Garcia,bcoleman@example.net,2020-08-18
367,John,Watson,lauraturner@example.net,2020-02-21
368,Felicia,Lee,timothygibson@example.net,2022-12-16
369,Lacey,Simmons,nhensley@example.com,2024-06-23
370,Todd,Nelson,troy65@example.com,2021-06-19
371,Julie,Molina,sherryorozco@example.org,2024-07-22
372,David,Romero,tmontoya@example.org,2020-03-13
373,Alex,Atkinson,lisagreene@example.net,2021-09-04
374,Mark,Lewis,zgreene@example.net,2024-03-06
375,Rachel,Wilson,millermatthew@example.com,2023-09-04
376,Kristy,Franklin,phillipsmary@example.org,2023-09-27
377,Timothy,Haley,david67@example.net,2021-02-18
378,Thomas,Williams,millereric@example.org,2021-09-09
379,David,Wolfe,sjones@example.org,2022-06-20
380,Deanna,Moore,hansentony@example.net,2021-07-08
381,Amanda,Zavala,lfowler@example.com,2022-05-29
382,Elizabeth,Rice,billy09@example.net,2020-08-14
383,Mark,Rodriguez,aperkins@example.org,2020-06-13
384,Thomas,Potter,thomas37@example.net,2024-06-14
385,Cindy,Rowe,mwilliams@example.com,2021-07-02
386,Christopher,Becker,lfowler@example.net,2022-09-23
387,Sarah,Mcgrath,cummingsholly@example.org,2021-06-24
388,Jose,Hernandez,chandlerrachael@example.net,2022-07-13
389,Tyrone,Clements,mthomas@example.com,2024-01-24
390,Amy,Jones,phamdevin@example.net,2023-02-14
391,Megan,Roberson,wpowell@example.com,2022-06-29
392,Kara,Doyle,douglasnguyen@example.org,2024-07-24
393,Gregory,Cook,gmendoza@example.net,2021-07-12
394,Mary,Parks,christina66@example.com,2022-11-23
395,Laura,Vaughn,wmcgee@example.org,2020-11-13
396,Cody,Carlson,cindy37@example.net,2021-01-23
397,Mary,Bernard,sanchezbenjamin@example.org,2023-03-04
398,James,Bailey,nicoleforbes@example.net,2021-07-08
399,Karen,Martinez,angela76@example.net,2022-01-18
400,Mitchell,Taylor,vnelson@example.net,2021-03-03
401,Ryan,Mejia,cheryl03@example.org,2021-03-17
402,David,Garcia,rebeccawilkins@example.com,2021-08-04
403,Jason,Peterson,shieldskrystal@example.org,2023-03-30
404,Veronica,Young,bowmannicole@example.org,2023-10-31
405,Pamela,Riley,dsanchez@example.net,2020-11-27
406,Daniel,Jarvis,aaronburton@example.org,2021-11-28
407,Meghan,Parker,cooperdavid@example.com,2021-09-09
408,Luis,Spears,alan39@example.org,2023-07-25
409,Michael,Valencia,ahensley@example.net,2020-01-09
410,Peggy,Morgan,brettstrong@example.com,2021-03-22
411,Kristin,Jenkins,astevens@example.com,2020-12-01
412,Randall,Lucas,stonekelly@example.org,2022-05-08
413,Krystal,Gibson,kimberlyrogers@example.com,2024-03-11
414,Bruce,Huffman,jcortez@example.com,2021-05-01
415,Robert,Booth,kellyconley@example.net,2020-05-25
416,Marie,Simmons,burgesskristi@example.org,2023-01-03
417,Kathryn,Nash,sarahbrown@example.net,2022-12-25
418,Randy,Novak,preyes@example.net,2024-02-19
419,Thomas,Thomas,mayerlisa@example.net,2021-05-20
420,Gregory,Mckenzie,buchanandaniel@example.com,2020-03-23
421,Kimberly,Hall,zfleming@example.com,2023-10-15
422,John,Holder,mackantonio@example.net,2022-05-29
423,Jacqueline,Jennings,stevenpatton@example.net,2023-01-26
424,Theresa,Simpson,christophercervantes@example.net,2022-12-11
425,Kimberly,Russell,wintersdiana@example.org,2019-09-20
426,Jennifer,Smith,danielhernandez@example.com,2022-01-20
427,Jennifer,Snyder,millerdavid@example.com,2023-11-25
428,Maria,Jones,antoniobarnes@example.org,2023-07-17
429,Amy,Stewart,hansendaniel@example.org,2022-09-16
430,Kenneth,Kent,wellsteresa@example.org,2023-09-22
431,Michael,Martin,smithnicole@example.com,2021-12-29
432,Kurt,Thompson,megan37@example.net,2024-01-31
433,Sandra,Bender,fordkatie@example.org,2022-09-04
434,Michael,Rodriguez,benjamin24@example.net,2023-04-18
435,Steven,Turner,colleenbailey@example.org,2019-10-23
436,Anthony,Horton,candicewilliams@example.com,2023-02-13
437,Melissa,Chaney,ywhite@example.net,2021-09-20
438,Bill,Peterson,emoran@example.net,2020-02-24
439,Brianna,Cook,johnsonbrian@example.org,2022-08-04
440,Diane,Guerrero,brooksronald@example.com,2020-01-29
441,George,Garcia,lisawalsh@example.org,2020-10-22
442,Jacob,Gordon,theresa19@example.org,2019-10-18
443,Marvin,Huber,pgarrett@example.org,2023-01-26
444,Rebekah,Johnson,justin74@example.net,2020-05-28
445,Katelyn,Bryant,braunthomas@example.com,2020-09-15
446,Frank,Wilson,evelyn86@example.net,2023-08-23
447,Sharon,Scott,matthew39@example.net,2022-05-27
448,Travis,Dixon,jonathan99@example.org,2021-03-26
449,Wayne,Jones,lisaallen@example.net,2022-07-31
450,Alicia,Smith,mcphersondaniel@example.com,2021-04-11
451,Matthew,Jones,vanessacarson@example.net,2021-01-16
452,Lisa,King,krobinson@example.com,2021-04-13
453,Susan,Smith,davidgarcia@example.com,2020-01-02
454,Michelle,Johnson,parkerfields@example.com,2023-01-25
455,William,Lee,dawn05@example.org,2021-05-24
456,Amber,Lowery,ijones@example.org,2020-10-15
457,Toni,Paul,orogers@example.net,2024-03-30
458,Zachary,Dickerson,stephenhayden@example.net,2022-05-22
459,Rebekah,Beck,linda90@example.org,2023-06-11
460,Julie,Potter,pdickerson@example.net,2023-09-07
461,Katelyn,Jones,katherinejohnson@example.net,2020-12-17
462,Michaela,Harvey,michelle91@example.net,2021-03-18
463,Christopher,Stephens,leslierodriguez@example.com,2019-09-20
464,Justin,Ramirez,debra83@example.org,2021-08-08
465,Timothy,Stephens,ubender@example.org,2024-04-28
466,Jacob,Cooper,elizabethmartinez@example.com,2020-03-31
467,Jackson,Williams,richard89@example.net,2019-11-03
468,Tonya,Osborne,carlsaunders@example.org,2021-08-04
469,Kelly,Patel,jennifercannon@example.org,2023-11-28
470,Susan,Hamilton,michaeldavis@example.net,2022-12-14
471,Mark,Kent,shellylarsen@example.org,2022-08-28
472,Joseph,Lawson,david03@example.com,2020-05-18
473,Brett,Mitchell,njohnson@example.net,2023-04-28
474,Michael,Johnson,jeremy87@example.net,2023-09-22
475,Erin,Peterson,rmunoz@example.com,2020-04-05
476,Lisa,Thompson,michele01@example.org,2020-07-29
477,Matthew,Robinson,joseph24@example.com,2019-10-23
478,Amy,Bates,zanderson@example.net,2022-12-21
479,Natasha,Gregory,daryllivingston@example.org,2021-08-22
480,Steven,Mitchell,whitejustin@example.com,2024-07-10
481,Michele,Anderson,jodigardner@example.net,2019-10-07
482,Daniel,Erickson,michaelsandoval@example.net,2021-09-02
483,David,Harris,emily39@example.org,2020-05-24
484,Michelle,Freeman,hernandezruth@example.com,2020-10-07
485,James,Hernandez,thomasbarbara@example.net,2019-11-11
486,Mark,Griffin,michelegriffith@example.com,2024-06-03
487,Mitchell,Gardner,jmorris@example.net,2021-10-28
488,Pamela,Thomas,fmoyer@example.com,2020-07-07
489,James,Bennett,christinastevenson@example.net,2021-06-18
490,Desiree,Payne,bmiles@example.org,2022-08-03
491,Nicholas,Smith,cole66@example.com,2022-06-06
492,Timothy,Rivera,grahamperry@example.org,2022-10-14
493,Kimberly,Butler,cmadden@example.net,2022-12-05
494,Marilyn,Adams,fvilla@example.net,2024-08-12
495,Deborah,Johnson,mcbridestephen@example.org,2021-04-03
496,Christopher,Johnson,garrettmorgan@example.org,2023-10-25
497,Jodi,Cox,matthewdiaz@example.org,2023-04-29
498,Linda,Riggs,mark83@example.org,2022-08-26
499,Edgar,Davis,qharvey@example.com,2021-09-27
500,Katherine,Bartlett,jennifergilbert@example.net,2022-08-13
501,Brittney,Clark,brandon21@example.net,2022-06-30
502,Amanda,Medina,gailbell@example.com,2024-02-04
503,Julie,Pruitt,lauragray@example.com,2021-01-26
504,Victoria,Lee,adurham@example.net,2020-08-24
505,Juan,Holland,manuel09@example.com,2021-03-03
506,Hannah,Roberson,john96@example.org,2023-08-01
507,Philip,Wallace,rachelortega@example.com,2022-12-24
508,Yvonne,Thomas,anna03@example.org,2023-12-16
509,William,Dillon,cthomas@example.org,2020-09-04
510,Juan,Newton,josephfoster@example.com,2021-09-07
511,Jessica,Lopez,edward25@example.net,2020-04-13
512,Lisa,Sanchez,hwilliams@example.net,2021-07-08
513,Alan,Alvarado,vwinters@example.com,2024-06-11
514,Zachary,Reeves,bruce01@example.org,2024-07-29
515,Samantha,Bell,michaelmcdonald@example.net,2022-10-21
516,Angela,Taylor,rogerkelly@example.net,2023-09-18
517,Joshua,Allen,toddhoward@example.com,2023-01-31
518,Michelle,Flores,rogersjohnathan@example.net,2022-02-13
519,Jason,Roberts,kennedyjason@example.com,2021-05-15
520,Dan,Forbes,xschmidt@example.net,2024-06-07
521,Rhonda,Shields,jacqueline28@example.net,2019-11-28
522,Katrina,Phillips,darius46@example.com,2023-12-29
523,Kerry,Watson,bhernandez@example.com,2021-12-20
524,Russell,Barnett,bgonzalez@example.com,2021-04-29
525,James,Davis,jerryadams@example.net,2024-08-06
526,Susan,Evans,webbandrew@example.org,2022-10-12
527,Ashley,Bates,hannah50@example.org,2022-10-01
528,Sarah,Washington,chelsea44@example.net,2020-10-19
529,Sarah,Fleming,achavez@example.org,2019-10-21
530,Misty,Johns,graylarry@example.org,2021-02-24
531,Allison,Collins,stephenlewis@example.net,2022-09-19
532,Kimberly,Trujillo,lesterkimberly@example.com,2024-08-14
533,Ryan,Williams,martinezdawn@example.com,2022-04-14
534,Matthew,Ramirez,ltaylor@example.net,2020-02-02
535,Carla,Wong,emilyjohnson@example.net,2023-02-21
536,James,Garrett,benjamin58@example.org,2021-01-18
537,Joseph,Ross,pamelawade@example.com,2020-08-12
538,Kenneth,Jones,mooneydavid@example.com,2022-09-02
539,Rhonda,Wagner,shannon23@example.org,2023-10-24
540,Tiffany,Martinez,igould@example.net,2023-06-29
541,John,Murphy,kimberly24@example.org,2024-04-16
542,David,Munoz,elizabeth30@example.net,2022-12-25
543,Samuel,Williams,susan33@example.org,2020-08-02
544,Justin,Thomas,samanthagreen@example.com,2023-08-01
545,Donna,Skinner,murphyparker@example.net,2022-03-16
546,Michael,Dudley,smcdonald@example.net,2023-02-27
547,Steve,Campbell,johnsoncharles@example.net,2021-11-09
548,Leah,Anderson,morrisjohn@example.org,2023-05-24
549,Sara,Fernandez,taylorramirez@example.org,2023-03-25
550,Diana,Hancock,danielpaul@example.com,2021-01-01
551,Shannon,Poole,danielowen@example.net,2021-04-15
552,Phillip,House,alyssamyers@example.org,2020-01-14
553,Melissa,Chapman,oli@example.net,2021-03-22
554,Jeffrey,Wilson,qmartinez@example.com,2021-08-01
555,Amber,Fletcher,gchung@example.org,2022-11-28
556,Brian,Bryant,adam79@example.com,2024-05-08
557,Kathy,Rodgers,jessicanash@example.net,2020-12-08
558,Marilyn,Grant,gordonolivia@example.net,2021-05-07
559,Holly,Barker,jwilson@example.net,2021-11-04
560,Sheri,Hall,anne77@example.net,2020-11-15
561,Logan,Mercado,bradley24@example.net,2023-04-22
562,Scott,Rodriguez,underwoodtyler@example.net,2023-07-11
563,Cassie,Alvarez,cabreramichael@example.net,2020-01-19
564,Derek,Smith,garciaamy@example.org,2020-09-10
565,Shawn,Wallace,gclark@example.org,2024-05-17
566,Julie,Wood,staceymorgan@example.com,2019-12-20
567,Andrew,Williams,ashley28@example.org,2023-07-23
568,Cody,Lawrence,silvahannah@example.org,2022-04-04
569,Leonard,Diaz,rebeccanunez@example.org,2022-04-28
570,Ronald,Conrad,qwilliams@example.org,2021-09-08
571,Laurie,Hill,foxrichard@example.org,2024-08-10
572,Nicole,Benson,burnstracy@example.org,2024-08-25
573,David,Tucker,llee@example.com,2022-11-16
574,Craig,Vaughn,nmoore@example.com,2020-04-04
575,Veronica,Cook,anne65@example.net,2021-10-13
576,Bradley,Vazquez,brian39@example.org,2021-02-18
577,Cameron,Castaneda,ralphsmith@example.net,2023-06-27
578,Brett,Jacobs,rrodriguez@example.org,2023-04-16
579,Michelle,Singleton,smithchristine@example.com,2019-10-28
580,James,Reese,michael16@example.com,2021-07-03
581,Jessica,Glover,cjohnson@example.com,2019-09-28
582,Jacob,Mendez,blankenshipcindy@example.net,2019-11-02
583,Stephen,Smith,swansonlisa@example.com,2022-06-23
584,James,Rhodes,williamsbethany@example.org,2020-09-01
585,Clinton,Richardson,cory42@example.net,2019-12-29
586,Bethany,Pratt,eduardoshaw@example.com,2020-04-22
587,Christina,Scott,matthewmunoz@example.org,2020-06-19
588,David,Blake,limark@example.net,2023-12-21
589,Rebecca,Martinez,ukim@example.net,2024-05-12
590,Alexandra,Cook,phillipscassandra@example.org,2022-01-07
591,Emily,White,rita47@example.org,2024-01-01
592,Jessica,Thompson,justinharvey@example.org,2020-11-01
593,Morgan,Knight,jenniferthomas@example.net,2021-12-20
594,Jason,Miller,edwardhayes@example.com,2020-10-01
595,Theresa,Torres,scott63@example.com,2019-09-28
596,Aaron,Mccall,gina22@example.com,2019-11-14
597,Amanda,Cooper,xharrington@example.net,2021-02-26
598,Jean,Smith,deborah94@example.com,2020-12-28
599,Peggy,Ford,sheltonerica@example.com,2024-01-28
600,Alicia,Ingram,nvaldez@example.net,2019-12-01
601,Deanna,Anderson,jacob16@example.net,2019-10-04
602,Lindsey,Khan,caleblynch@example.com,2021-05-09
603,Charles,Weiss,jasonbarnett@example.net,2022-04-07
604,Joyce,Walls,fnelson@example.com,2020-04-25
605,Christine,Palmer,pamela99@example.com,2020-05-13
606,Amber,Russell,shannon67@example.com,2023-09-06
607,Anna,Miranda,tommyrobles@example.net,2020-03-11
608,Jeffrey,Watts,xwebb@example.com,2024-01-09
609,Bonnie,Lopez,sean89@example.net,2021-09-08
610,Cynthia,Salinas,kristencampbell@example.com,2021-09-16
611,Holly,Mccarthy,john49@example.org,2024-01-29
612,Daniel,Roberts,rossamy@example.org,2021-12-24
613,Matthew,Schroeder,jamesjohnson@example.net,2020-10-10
614,Eric,Graves,garciastephen@example.net,2021-04-26
615,Hannah,Green,xbaxter@example.net,2022-05-06
616,Marie,Byrd,marilyn02@example.org,2022-10-10
617,Tammy,Salinas,taylorchristina@example.net,2020-09-18
618,Diane,Costa,ggillespie@example.com,2022-09-03
619,James,Patterson,smithpatricia@example.com,2020-05-18
620,Amy,Sosa,meganmathews@example.org,2019-09-22
621,Robert,Delacruz,wallen@example.com,2019-09-08
622,Michelle,Brown,brandy36@example.org,2022-03-24
623,Courtney,Levy,darrylgomez@example.org,2022-05-26
624,Sue,Morgan,keithcourtney@example.org,2021-06-20
625,John,Lopez,mcintoshrobert@example.org,2019-12-02
626,Emily,Collins,cwilkerson@example.net,2020-10-06
627,Lisa,Lopez,paullopez@example.net,2021-03-13
628,William,Skinner,victor40@example.net,2021-06-11
629,Rebecca,Mcintosh,savannah75@example.com,2021-11-03
630,Adrian,Patterson,david79@example.com,2021-11-23
631,Steven,Freeman,christopherproctor@example.net,2020-04-19
632,Jonathan,Brady,stevenenglish@example.net,2021-12-21
633,Laurie,Cisneros,kim88@example.com,2021-02-07
634,Amy,Chambers,ysalazar@example.org,2020-10-14
635,Jerry,Thompson,thompsondylan@example.org,2021-05-29
636,Benjamin,James,cbryan@example.net,2024-01-20
637,Eric,Williams,davisjames@example.net,2020-06-19
638,Toni,Collins,smallcindy@example.com,2024-07-02
639,Ann,Zimmerman,glowery@example.org,2023-03-12
640,Theresa,Roberts,andrewhill@example.org,2023-07-11
641,Sarah,Brennan,michaelcrosby@example.com,2024-06-02
642,Justin,Garza,alanroberts@example.org,2023-12-15
643,Rachel,Walker,matthew64@example.org,2021-05-09
644,Janet,Wilson,ahoffman@example.com,2019-09-15
645,Maxwell,Marsh,kristopher32@example.com,2021-10-29
646,Michelle,Reynolds,andrea93@example.net,2020-11-30
647,Joyce,Phelps,savagesteven@example.org,2020-12-27
648,Michael,Morris,phillipoconnor@example.net,2023-10-30
649,Spencer,Hamilton,thompsonkatherine@example.com,2022-02-01
650,Michael,Martin,yramirez@example.org,2020-10-16
651,James,Hardy,justinnorton@example.net,2021-07-08
652,Andrew,Estes,nicole21@example.net,2024-07-28
653,Brian,May,pmills@example.org,2019-10-15
654,Alexander,King,tammy56@example.net,2024-02-08
655,Angela,Wheeler,brianmendez@example.org,2022-04-22
656,Jeffrey,Wilson,kennethfrederick@example.net,2024-01-27
657,Jason,Sutton,brownbrandon@example.net,2022-02-09
658,Christopher,Miller,storres@example.com,2020-03-04
659,Jacqueline,Blair,jacob18@example.com,2023-07-26
660,Pamela,Winters,eyoung@example.com,2024-06-23
661,Sarah,Mcguire,garycooper@example.org,2021-08-29
662,Kimberly,Miller,bishopruben@example.net,2024-08-25
663,Donna,Mccoy,pgarcia@example.org,2021-10-21
664,Cody,Stewart,allensean@example.com,2024-01-23
665,Ray,Tran,jwilliams@example.net,2023-08-17
666,Richard,Holloway,coxkenneth@example.org,2023-03-08
667,Samantha,Barnes,bethsmith@example.net,2023-11-10
668,Kimberly,Butler,svega@example.org,2023-01-11
669,Wendy,Williams,taylorstephen@example.net,2021-07-04
670,Amber,Wheeler,smithjon@example.org,2022-09-21
671,Justin,Cortez,wflynn@example.net,2024-04-10
672,Jeffrey,Bautista,richard88@example.net,2020-04-23
673,Marisa,Kirby,lhenderson@example.org,2022-01-19
674,Melissa,Cain,longselena@example.net,2022-05-15
675,Kathleen,Richardson,lisa06@example.net,2023-07-18
676,Lauren,Leach,palmerphillip@example.com,2023-07-10
677,Chelsea,Torres,zgrant@example.org,2021-04-26
678,Joshua,Santos,privas@example.org,2024-06-07
679,Eric,Wilcox,kimberlyacosta@example.org,2019-10-30
680,Ryan,Roberts,joshua36@example.org,2024-05-31
681,Laura,Jimenez,garciadawn@example.com,2023-09-08
682,Bradley,Vincent,sherrycordova@example.com,2023-01-10
683,Debra,Johnson,rachel38@example.net,2022-02-13
684,Samantha,Baker,npadilla@example.com,2022-11-25
685,Amy,Lopez,richard99@example.net,2023-03-23
686,Brandi,Nichols,bwalter@example.com,2022-12-06
687,Tiffany,Glenn,todd68@example.org,2021-04-26
688,Lori,Wilson,wangrobert@example.org,2020-03-19
689,Jaime,Sharp,scottwilliams@example.org,2022-01-20
690,Brenda,Richards,williamsmikayla@example.com,2020-10-31
691,Amy,White,nicole02@example.org,2022-05-28
692,Latoya,Moreno,fritzstephen@example.org,2023-08-23
693,Seth,French,warrencatherine@example.net,2020-01-28
694,Joshua,Norman,nicole67@example.net,2023-11-14
695,Don,Fisher,rtaylor@example.org,2022-09-10
696,Gregory,Mitchell,xgordon@example.com,2024-06-11
697,Connor,Moran,matthew14@example.net,2019-11-30
698,Elizabeth,Thomas,zharrison@example.org,2024-03-24
699,William,Hill,zacharymartinez@example.com,2022-05-17
700,Anne,Rocha,ricejustin@example.org,2024-02-04
701,John,Schmidt,paulenglish@example.net,2021-02-26
702,James,Lopez,connor43@example.org,2020-03-14
703,Tara,Johnson,daniel01@example.org,2021-11-18
704,Steven,Perkins,ibrown@example.net,2021-04-14
705,Leah,Rivera,jmcdowell@example.net,2020-04-02
706,Michael,Gomez,patriciaphillips@example.com,2023-06-24
707,Nicholas,Terry,sarah43@example.com,2023-06-04
708,Teresa,York,yosborne@example.net,2023-10-31
709,Amber,Fuentes,thompsonmatthew@example.net,2020-07-28
710,Amber,Jones,raymondnolan@example.org,2024-02-08
711,Joseph,Roach,tammyturner@example.org,2020-03-16
712,Anne,Richardson,xfoster@example.net,2021-08-06
713,Jeffrey,Elliott,frywendy@example.net,2023-03-27
714,Steve,Henry,justin48@example.org,2021-03-13
715,Lawrence,Kramer,joannehall@example.com,2020-11-12
716,Diane,Perez,palmerbrandon@example.org,2022-03-22
717,Luis,Wilson,bjimenez@example.net,2022-07-06
718,Michelle,Allen,qmcmillan@example.net,2022-04-27
719,Billy,Murphy,rioscraig@example.com,2021-12-31
720,Marissa,Rollins,zacharygarcia@example.com,2021-06-21
721,Austin,Durham,kgarcia@example.net,2024-03-12
722,Christopher,Duncan,lori07@example.com,2023-02-11
723,Kurt,Wallace,vortiz@example.com,2022-05-29
724,Eric,Montes,kellymills@example.com,2022-01-24
725,Sarah,Guzman,urodriguez@example.net,2022-03-22
726,Victor,White,scott65@example.org,2020-07-22
727,Amy,Johnson,shirley16@example.com,2023-06-04
728,Amanda,Carson,mevans@example.com,2022-03-25
729,Daniel,Clayton,curryangela@example.com,2022-09-10
730,Ashley,Smith,dustinrobinson@example.net,2023-05-25
731,Jaime,Skinner,wchurch@example.net,2022-07-16
732,Matthew,Silva,valeriejohnson@example.net,2022-04-04
733,Christopher,Kramer,vedwards@example.net,2024-04-30
734,Lauren,Maxwell,emaddox@example.com,2021-10-08
735,Adrienne,Hensley,cobbcrystal@example.net,2022-12-21
736,Michele,Bray,wjones@example.com,2023-06-04
737,Edward,Jones,kristy14@example.com,2021-03-24
738,Jillian,Washington,luismays@example.org,2024-05-02
739,Laura,Mccarthy,andreapruitt@example.org,2020-05-08
740,Kenneth,Vargas,douglas33@example.org,2021-07-09
741,Jonathan,Cain,ggarcia@example.org,2020-03-02
742,Kristen,Riggs,freemanjames@example.com,2023-07-11
743,Jeffrey,Schneider,tleblanc@example.com,2022-12-17
744,Shawn,Stone,diane03@example.com,2020-05-09
745,Arthur,Henderson,dnicholson@example.com,2020-05-17
746,Renee,Fuller,kristinhawkins@example.net,2023-11-22
747,Paul,Palmer,amberanderson@example.com,2022-11-08
748,Michael,Garner,wyattmichael@example.com,2022-05-14
749,William,Gardner,fhunter@example.com,2021-06-11
750,Jacob,Simpson,usanchez@example.org,2020-07-28
751,Wanda,Schultz,stacey25@example.com,2022-09-21
752,Dawn,Lee,ulozano@example.com,2023-05-02
753,Emily,Bender,veronicasmith@example.net,2020-10-17
754,Larry,Malone,paul52@example.org,2023-05-11
755,Carol,Vincent,xbrown@example.net,2019-12-28
756,Kathryn,Spencer,gwu@example.com,2021-06-02
757,Victoria,Molina,angela72@example.com,2024-07-24
758,Stephanie,Williams,dreed@example.com,2022-07-21
759,David,Zamora,morenowendy@example.org,2023-11-22
760,Keith,Burns,ramosrichard@example.org,2021-07-04
761,Melissa,Smith,johnsoncynthia@example.com,2022-11-15
762,Katherine,Johnson,gregory83@example.net,2024-01-03
763,Matthew,Schwartz,jleonard@example.com,2023-09-06
764,Maria,Guerrero,adrianpetersen@example.net,2024-01-18
765,Raymond,Hernandez,stephanierasmussen@example.com,2019-12-12
766,Tiffany,Holt,amcdonald@example.org,2023-02-21
767,Diane,Harding,tina55@example.org,2023-08-28
768,Jessica,Brown,john12@example.net,2020-01-30
769,Dawn,Thompson,brendangray@example.com,2019-12-09
770,Timothy,Leon,millermonica@example.net,2022-05-06
771,Robert,Patton,cdixon@example.com,2020-11-30
772,William,Martin,adambrennan@example.net,2021-01-12
773,Bruce,Pham,heatherlong@example.org,2024-01-20
774,Nina,Allen,steve22@example.org,2020-08-06
775,Joshua,Williams,daniel92@example.org,2023-10-31
776,Leah,Schneider,vpierce@example.com,2021-12-07
777,Larry,Wilson,jeffreybennett@example.net,2022-10-06
778,Taylor,Lopez,holmeslori@example.net,2020-04-15
779,Tracey,Wade,mroman@example.com,2020-04-02
780,Kayla,Hamilton,rothalexandra@example.org,2024-07-09
781,Tiffany,Davis,princematthew@example.org,2021-08-07
782,Suzanne,Holmes,robinmcdowell@example.org,2022-03-02
783,Joseph,Estrada,terrence71@example.net,2024-06-07
784,Fernando,Gomez,perezkristen@example.com,2024-03-25
785,Ashley,Carlson,oconnorjessica@example.org,2020-12-02
786,Deborah,Thompson,smithderek@example.com,2019-12-09
787,Denise,Schmidt,emily39@example.org,2022-07-07
788,Robin,Davis,hoodmichael@example.org,2023-04-23
789,Karen,Lane,leslie43@example.com,2024-04-02
790,Heather,Jefferson,pcooper@example.org,2020-07-26
791,Daniel,Roberts,yanderson@example.com,2021-02-23
792,Connie,Garner,crowe@example.com,2024-03-13
793,Amy,Barr,kimroy@example.org,2024-08-08
794,Doris,Spencer,ntaylor@example.org,2023-03-23
795,Eric,Jones,bmartin@example.net,2020-12-10
796,Kimberly,Gibson,katrina79@example.net,2024-04-04
797,Christine,Ramos,shawnamoses@example.com,2021-11-19
798,Sara,Weaver,estradaisaiah@example.net,2023-12-24
799,Angela,Foley,johnsoncatherine@example.org,2022-07-12
800,Steven,Peterson,caitlinwright@example.net,2023-10-10
801,Sarah,Woodard,anthony96@example.com,2023-09-05
802,Tyler,Lyons,rparker@example.org,2021-01-08
803,Mitchell,Sexton,amandajohns@example.net,2020-10-15
804,Robert,Watkins,trodriguez@example.com,2022-10-01
805,Laura,Russell,pamela64@example.net,2022-10-25
806,Charles,Green,robertkim@example.com,2019-12-26
807,Steven,Diaz,joseph16@example.org,2022-04-24
808,Maurice,Page,etorres@example.com,2024-07-05
809,Anthony,Ramos,ycole@example.org,2021-07-11
810,Samantha,Green,nathanpeters@example.org,2021-03-30
811,Vanessa,Johnson,zhangmelanie@example.org,2020-01-19
812,Kimberly,Adams,roneill@example.org,2024-02-11
813,Andrea,Braun,dianasmith@example.com,2020-12-01
814,Dalton,Sanders,amy63@example.org,2021-04-14
815,Matthew,Dodson,lwilliams@example.com,2020-12-28
816,Elizabeth,Sanchez,dpadilla@example.net,2023-04-08
817,Heather,Johns,mannmark@example.org,2020-07-07
818,Ray,Lin,martintodd@example.net,2024-01-20
819,Jeffrey,Arnold,qwagner@example.com,2022-01-16
820,Robert,Clarke,slopez@example.net,2023-10-09
821,Melody,Ray,jennifer47@example.org,2024-03-22
822,Edward,Hess,jordanjessica@example.org,2021-11-22
823,Charles,Myers,pamelamiller@example.org,2023-05-01
824,Matthew,Howard,ashleycooper@example.net,2022-07-03
825,Carmen,Diaz,steven44@example.net,2021-09-28
826,Rhonda,Montgomery,maria85@example.org,2022-05-19
827,Jasmine,Serrano,allison24@example.com,2020-11-19
828,Gene,Perez,robertsonkayla@example.com,2021-03-01
829,Summer,Smith,melissaquinn@example.net,2024-04-04
830,Daniel,Odonnell,ahayes@example.com,2020-03-29
831,Catherine,Bradley,janet01@example.net,2020-02-16
832,Christopher,Bailey,lisa17@example.net,2024-07-26
833,Joseph,Ibarra,cookthomas@example.com,2021-03-07
834,Dana,Jackson,jbowen@example.net,2023-06-12
835,Matthew,Gardner,edwardssydney@example.com,2022-08-31
836,Rita,Brown,hoganryan@example.org,2022-07-17
837,Chad,Dominguez,johnsimmons@example.org,2024-08-13
838,Samantha,Gilmore,ushaffer@example.org,2023-09-11
839,Brian,Dean,johnrodriguez@example.org,2023-08-25
840,Patrick,Cain,qmiller@example.org,2020-08-27
841,Jason,Taylor,james89@example.com,2019-10-10
842,David,Parker,alfredbryant@example.com,2022-10-02
843,Pamela,Shaffer,robert69@example.net,2024-03-14
844,Monica,Newton,amandamunoz@example.com,2019-12-11
845,Veronica,Guerra,brandycasey@example.net,2021-08-03
846,Megan,Young,lsummers@example.org,2021-12-04
847,Rachel,Anderson,dylan02@example.net,2023-07-01
848,Lauren,Lowe,mcculloughjames@example.net,2020-12-02
849,Michelle,Morgan,jonesangela@example.net,2023-12-09
850,Michelle,Smith,abbottashley@example.com,2021-04-19
851,Megan,Khan,jasminevega@example.com,2021-04-21
852,Rachel,Ortiz,etrujillo@example.net,2020-04-12
853,Scott,Casey,elizabethking@example.com,2021-06-21
854,Cynthia,Stevens,dukemonica@example.net,2019-12-22
855,Andre,Rosales,cordovadavid@example.org,2023-05-28
856,Christine,Clark,shermanrussell@example.net,2023-05-23
857,David,Stewart,cameron31@example.com,2021-08-17
858,Jessica,Holt,james91@example.net,2020-07-03
859,Marcus,Simpson,zsanders@example.com,2022-06-18
860,Antonio,Smith,tedwards@example.org,2021-09-10
861,Michael,Smith,sryan@example.com,2021-10-16
862,Mallory,Macdonald,floresmallory@example.com,2020-09-27
863,Deborah,Fuller,imiller@example.org,2020-08-14
864,Joanna,Villegas,henrymckenzie@example.org,2020-09-07
865,Taylor,Mercer,jennifergreer@example.net,2020-12-19
866,Kevin,Stokes,diane68@example.net,2020-07-19
867,Carl,Vincent,barryharrison@example.com,2024-07-30
868,Craig,Farrell,kirstenmedina@example.org,2024-07-24
869,Barry,Payne,chase81@example.org,2024-06-17
870,John,Smith,bakeralyssa@example.com,2023-12-27
871,Stephanie,Higgins,jacobnolan@example.org,2022-02-07
872,Angela,Chambers,lnichols@example.net,2020-06-29
873,Andrea,Dennis,bakerstephanie@example.com,2021-01-03
874,Thomas,Calhoun,lprice@example.org,2020-03-01
875,Jesse,Ellison,phillipsjoseph@example.org,2022-08-30
876,Dennis,Flowers,lopezjennifer@example.net,2022-03-27
877,Nicholas,Clark,martinsherri@example.com,2022-03-02
878,Sophia,Nguyen,lisa25@example.net,2021-12-25
879,Jason,Walsh,grantcarol@example.com,2024-07-07
880,Joseph,Wright,christinajones@example.org,2019-10-16
881,Zachary,Davidson,omora@example.com,2023-11-16
882,James,Kelley,rachel80@example.net,2024-05-21
883,Cheryl,Avila,khancock@example.com,2022-03-29
884,Chelsey,Moore,pkennedy@example.com,2021-06-12
885,Amy,Jordan,jennifermoon@example.org,2023-07-26
886,James,Conway,jocelyn90@example.org,2020-01-03
887,Carol,Wells,daniel20@example.org,2020-08-04
888,Brandon,Knapp,karenallen@example.com,2020-11-04
889,Kevin,Miller,nina47@example.net,2022-10-06
890,Jason,Norman,lbrown@example.net,2022-04-14
891,Martha,Jones,esummers@example.net,2021-09-11
892,Christian,Schmidt,nsoto@example.org,2023-09-29
893,Brianna,Hardy,amcclain@example.org,2022-11-05
894,Anthony,Mcconnell,kevinrussell@example.com,2021-09-02
895,Mathew,Mills,joelevy@example.com,2022-07-22
896,Tina,Williams,warrencarlos@example.net,2024-06-03
897,Robert,Montgomery,moniqueaguirre@example.com,2021-01-23
898,Dale,Kelley,payala@example.org,2020-05-15
899,Wendy,Hatfield,katherinestewart@example.net,2023-03-25
900,Bethany,Wong,tim74@example.org,2020-12-30
901,Felicia,Harvey,nathan78@example.com,2022-10-23
902,Elizabeth,Jones,jennifer54@example.net,2022-04-16
903,Jordan,Mooney,patrick25@example.org,2022-05-27
904,Jordan,Young,brenda55@example.net,2024-04-01
905,Tiffany,Cook,orodriguez@example.org,2022-07-11
906,Valerie,Robinson,evansjulie@example.com,2022-11-22
907,James,Hines,istark@example.net,2024-07-31
908,Stephanie,Pineda,cassandragarcia@example.net,2021-12-06
909,Sherri,Terry,lross@example.net,2023-11-18
910,Richard,Payne,valenciajennifer@example.net,2021-08-06
911,Kim,Johnson,dterrell@example.org,2021-04-08
912,Christine,Bennett,nwalsh@example.com,2023-03-05
913,Gina,Potter,ipennington@example.net,2022-08-25
914,Matthew,Bailey,othomas@example.com,2019-12-01
915,Jason,Sparks,cjohns@example.net,2024-01-27
916,Isaiah,Moore,moralesjerry@example.org,2021-03-17
917,Sarah,Wilson,ymorris@example.net,2024-03-04
918,Tonya,Gibson,kperez@example.net,2019-11-27
919,Jacob,Perkins,danielbrennan@example.com,2020-07-17
920,Andrea,Ramos,ryan78@example.org,2022-10-21
921,Ann,Moore,lopezstephanie@example.org,2023-02-18
922,Karen,Ramirez,jmoss@example.com,2023-12-01
923,Joseph,Smith,jeremy97@example.com,2020-02-24
924,Martin,Brown,martinglass@example.org,2022-09-13
925,Stephanie,Clark,gwheeler@example.com,2020-05-27
926,Helen,Pugh,jasonleon@example.net,2020-02-09
927,Michael,Webb,harringtonrenee@example.net,2024-01-22
928,Franklin,Johnson,taylorjonathan@example.org,2022-11-13
929,Robert,Martin,weaverfrank@example.com,2021-12-29
930,Kevin,Torres,michaeladams@example.org,2021-11-15
931,Jonathan,Baldwin,abigail42@example.net,2022-12-27
932,Mariah,Smith,marylamb@example.net,2019-11-20
933,Caitlin,Lawson,prestonlisa@example.com,2020-02-12
934,Robert,Jones,lhansen@example.net,2020-11-09
935,Anthony,Howard,longmichael@example.org,2024-08-03
936,Natalie,Johnson,aphillips@example.org,2024-07-24
937,Lynn,Snyder,jamesbrown@example.net,2022-11-22
938,Haley,Holt,buckmaria@example.com,2020-04-11
939,Cameron,Freeman,johnduncan@example.org,2021-11-28
940,Vincent,Sutton,morancindy@example.net,2024-03-19
941,Stephen,Johnson,vhale@example.com,2022-01-23
942,Michelle,Barnes,lyoung@example.org,2022-12-07
943,Sarah,Martin,petersensandra@example.net,2020-02-28
944,David,Daniels,brianna83@example.net,2022-06-04
945,Richard,Hutchinson,sscott@example.com,2023-01-15
946,Kim,Keller,richard07@example.net,2020-06-24
947,Samantha,Cook,kristin58@example.org,2022-09-30
948,Robert,Reyes,alexadavis@example.org,2019-11-04
949,Jennifer,Perez,jasminejohnson@example.net,2023-05-04
950,Steven,Murray,cesarrivera@example.net,2024-08-20
951,Kevin,Martinez,cunninghamcheryl@example.org,2024-06-12
952,Shane,Edwards,jonesalicia@example.com,2021-02-17
953,Robert,Alvarado,chelseaadams@example.net,2022-06-23
954,Mikayla,Miller,olsondouglas@example.org,2019-10-16
955,Donald,Davis,rivasjessica@example.org,2020-04-06
956,Sherry,Fox,samantha95@example.net,2022-04-18
957,Steven,Dean,richardsbrianna@example.org,2020-05-18
958,Kevin,Ruiz,tperez@example.org,2019-10-06
959,Mark,Randall,castillolee@example.org,2023-09-15
960,Christopher,Rice,jacobsjames@example.net,2024-05-31
961,Richard,Ingram,david02@example.org,2020-12-19
962,Christine,Mcfarland,roberto58@example.com,2020-04-14
963,Keith,Obrien,ajenkins@example.net,2023-03-28
964,Betty,Jefferson,jasonthompson@example.org,2024-03-10
965,Jennifer,Ortiz,rfreeman@example.org,2022-03-22
966,Matthew,Tran,lopezjeremy@example.net,2024-06-27
967,Joshua,Hawkins,larry67@example.com,2021-10-16
968,Tanner,Hutchinson,scottcalderon@example.net,2022-10-06
969,David,Casey,lisa43@example.net,2021-10-28
970,Jonathan,Brown,ryan92@example.org,2022-10-24
971,Austin,Edwards,sandrakim@example.com,2022-04-23
972,Lauren,Snyder,douglas82@example.com,2020-09-16
973,Calvin,Bentley,robin36@example.net,2021-10-14
974,Keith,Woods,hnelson@example.net,2021-09-27
975,Christopher,Wang,tzavala@example.org,2022-02-28
976,Michelle,Keith,david57@example.net,2020-02-22
977,Emily,Fitzpatrick,eric79@example.org,2020-08-23
978,Samuel,Fox,ecampbell@example.com,2022-01-23
979,Patricia,Ward,wilsonmelissa@example.org,2021-06-05
980,Alexander,Greene,pattersontraci@example.com,2024-03-10
981,Elijah,Wells,bryanthomas@example.com,2021-06-11
982,Andrea,Dunlap,fpotter@example.org,2022-01-14
983,Nathan,White,phillipsmichael@example.org,2020-07-28
984,Michaela,Cline,benjamin26@example.net,2021-04-03
985,Brittany,Winters,jamesgeorge@example.org,2024-05-16
986,Megan,Snyder,yallison@example.com,2021-09-05
987,Gabriel,Blevins,matthewoliver@example.org,2020-05-26
988,Daniel,Burgess,scott88@example.com,2024-07-05
989,Ashley,Williams,justin81@example.org,2019-09-30
990,Antonio,Martinez,robertflowers@example.net,2019-11-14
991,Jerome,Mcfarland,amayer@example.com,2023-06-19
992,Tiffany,Bell,alexander25@example.org,2023-10-06
993,Kendra,Brown,stacysimpson@example.org,2020-11-06
994,Stephanie,Lewis,michellereynolds@example.com,2023-08-30
995,Ian,Choi,selena81@example.com,2019-12-19
996,Rachel,Collins,kylewalker@example.org,2024-06-06
997,Kelly,Bennett,donald05@example.org,2021-12-01
998,Rhonda,Thompson,anthony40@example.net,2020-05-21
999,Erin,Johnson,gwilliams@example.org,2019-11-26
1000,Anthony,Davidson,caseyreed@example.net,2020-11-07
1001,Anne,Brooks,kelsey02@example.org,2024-06-04
1002,Amanda,Schultz,ucastro@example.com,2023-05-28
1003,Gabrielle,Brown,valenzuelasydney@example.net,2022-05-20
1004,Sarah,Rivas,qpotts@example.net,2020-06-26
1005,Kimberly,Williams,ucarter@example.com,2019-09-03
1006,Zachary,Munoz,carolyn82@example.net,2024-02-09
1007,Keith,Russell,bryanteric@example.net,2022-07-20
1008,Pamela,Chavez,glennjennifer@example.org,2021-09-12
1009,Zachary,Cruz,cramirez@example.net,2022-02-13
1010,Linda,Jenkins,shanecervantes@example.net,2021-07-20
1011,Cassandra,Bates,timothycolon@example.com,2022-11-18
1012,Shane,Elliott,staciemoore@example.com,2023-03-16
1013,Patricia,Mckinney,michelenunez@example.net,2022-09-13
1014,Crystal,Hamilton,marcus66@example.net,2023-11-23
1015,Janet,Wilson,bradykaren@example.org,2020-10-17
1016,Kurt,Carr,robertwilson@example.org,2024-03-05
1017,Frederick,Adams,pcooper@example.net,2022-12-19
1018,John,Cox,juliadonovan@example.com,2022-04-27
1019,Rachel,Howe,lestermichael@example.net,2023-08-15
1020,Michael,Cannon,omartin@example.net,2024-04-11
1021,Lisa,Greene,ricardo77@example.org,2023-11-30
1022,Crystal,Becker,sheppardnicole@example.net,2019-11-17
1023,Stacy,Rodriguez,matthewpowers@example.org,2024-03-20
1024,David,Sanders,nathanielevans@example.net,2024-07-23
1025,Brenda,Henry,holly50@example.net,2023-02-28
1026,Joshua,Stewart,toddguzman@example.org,2021-05-15
1027,Michele,Burton,gonzalezcindy@example.net,2021-08-01
1028,Shawn,Fletcher,diana09@example.net,2022-09-19
1029,Jeffrey,Alvarez,oray@example.net,2022-09-04
1030,Darrell,Robinson,swilliamson@example.com,2020-03-14
1031,David,Lloyd,david31@example.com,2020-03-03
1032,Kelly,Roberts,pattonbrenda@example.org,2021-03-07
1033,Angela,Hall,davismark@example.org,2024-01-25
1034,Rachel,Ryan,bowentroy@example.org,2023-06-11
1035,Brett,Winters,ssantos@example.org,2023-10-17
1036,Anthony,Fisher,matthewhester@example.org,2023-10-02
1037,Michael,Middleton,marquezsandra@example.net,2020-10-23
1038,Curtis,Vasquez,vfarley@example.net,2021-06-26
1039,Barbara,Melendez,zgonzales@example.net,2020-11-21
1040,Mary,Cortez,karinamartin@example.net,2023-06-03
1041,Shane,Wells,teresabutler@example.org,2020-09-14
1042,Brent,Stanley,travisconrad@example.org,2022-06-30
1043,John,Floyd,riceandres@example.org,2021-06-27
1044,Andrea,Jones,chelsea32@example.net,2021-08-15
1045,Samantha,Cooper,daniel72@example.com,2021-08-11
1046,Richard,Fitzgerald,kellygregory@example.com,2024-01-05
1047,Adam,Foster,kelly23@example.net,2019-12-25
1048,Kenneth,Green,cduncan@example.net,2020-07-29
1049,Cesar,Evans,qcooke@example.net,2023-10-28
1050,Whitney,Ellis,fordandrew@example.com,2021-02-04
1051,Timothy,Shea,ylyons@example.org,2022-04-15
1052,Carolyn,Johnson,santiagodavid@example.net,2020-04-17
1053,Alexander,Brown,frubio@example.com,2022-10-11
1054,Carmen,Morse,djohns@example.net,2020-05-18
1055,Wendy,Esparza,wtaylor@example.net,2023-07-01
1056,Lisa,Thomas,townsendjanet@example.net,2023-07-28
1057,Joshua,Gross,michelle65@example.net,2021-03-11
1058,Heather,Franklin,hernandezpaula@example.org,2022-12-30
1059,Douglas,Lee,gentrymichael@example.org,2021-10-22
1060,Jamie,May,christina95@example.com,2019-09-18
1061,Mark,Cowan,jbrown@example.net,2023-10-06
1062,Karen,Stephens,cbyrd@example.com,2020-11-21
1063,Amanda,Padilla,morrismary@example.org,2021-09-30
1064,Maria,Martinez,chad65@example.net,2021-10-05
1065,Daniel,Campos,crystal88@example.com,2022-04-16
1066,Troy,Soto,mariapatton@example.net,2022-09-14
1067,Sandra,Green,rmcclain@example.org,2022-09-21
1068,Frank,Williams,alexander00@example.com,2022-07-29
1069,Kimberly,Morales,alvarezjohn@example.net,2024-03-20
1070,Andrea,Benitez,ashley66@example.net,2022-08-29
1071,Danny,Wilson,leroyconley@example.net,2022-01-18
1072,Janet,Molina,gabrielle74@example.com,2019-09-17
1073,Diane,Dawson,tonyarivera@example.com,2021-12-02
1074,Edwin,Carpenter,mooreheather@example.org,2023-04-12
1075,Pamela,Johnson,hesscandice@example.com,2022-10-25
1076,Marie,Zuniga,robertreyes@example.net,2021-01-07
1077,Daniel,Pope,stephanie77@example.net,2020-11-15
1078,Marie,Burke,thorn@example.com,2021-04-12
1079,Michael,Gross,sandersbrett@example.net,2023-03-08
1080,David,Andrews,benjamin68@example.org,2020-10-14
1081,Zachary,Buckley,george62@example.net,2022-06-25
1082,Mark,Rivera,mcdonaldkaren@example.net,2024-08-18
1083,Troy,Smith,kerrjustin@example.com,2023-08-22
1084,Bonnie,White,cherylpeterson@example.org,2024-07-10
1085,Amber,Johnson,jared37@example.org,2024-08-15
1086,Chris,Case,jillianmacdonald@example.net,2020-08-22
1087,Gary,Booth,hoffmanheather@example.org,2023-05-16
1088,Logan,Ford,qcook@example.com,2024-03-11
1089,Lisa,Mercer,phillipfarley@example.com,2024-01-18
1090,Rebecca,Hunter,loriroth@example.com,2023-11-13
1091,Robert,Mccormick,steven51@example.org,2020-09-30
1092,Michelle,Gutierrez,christopherbradley@example.com,2021-01-19
1093,Robert,Wilson,robin28@example.org,2022-06-23
1094,Elizabeth,Hurst,ufriedman@example.net,2021-08-20
1095,Nicholas,Gomez,ronaldwright@example.com,2023-02-19
1096,James,Hines,timothy67@example.net,2023-08-07
1097,Robert,Solis,whitakerkyle@example.net,2024-05-09
1098,Lisa,Houston,michelepatel@example.com,2020-12-04
1099,Stephanie,Carr,castanedakayla@example.org,2020-11-30
1100,Jessica,Bird,michelle46@example.org,2021-04-06
1101,Jerry,Davis,pmccoy@example.com,2021-11-29
1102,Kathryn,Walton,karen58@example.net,2020-02-28
1103,Jon,Hensley,moorepatricia@example.org,2021-05-15
1104,Kathleen,Taylor,fsims@example.net,2021-12-28
1105,Michelle,Lyons,cherylblevins@example.org,2020-01-16
1106,Samuel,Clark,jeffrey83@example.net,2021-10-29
1107,Michael,Macdonald,riveraanthony@example.com,2024-04-20
1108,Shelby,Brown,amanda66@example.org,2020-07-27
1109,Veronica,Hernandez,smithbrittany@example.com,2022-09-09
1110,Manuel,Bullock,jayarroyo@example.com,2020-01-13
1111,Anna,Dillon,bbrown@example.com,2023-05-31
1112,Melanie,Weaver,petersonryan@example.org,2020-12-28
1113,Jared,Kim,fordmandy@example.net,2024-07-12
1114,Stephanie,Robertson,edward34@example.org,2020-11-28
1115,Shannon,Santiago,mackenzie34@example.org,2021-01-10
1116,Michael,Ryan,lisa42@example.net,2020-08-28
1117,Brandon,Ruiz,kyang@example.net,2022-01-06
1118,Danielle,Brown,gshea@example.com,2021-04-18
1119,Katherine,Burnett,vaughannathan@example.org,2022-07-23
1120,Joseph,Allen,cynthia24@example.com,2022-03-26
1121,Lisa,Mendoza,oscarespinoza@example.com,2023-11-27
1122,Leslie,Taylor,melissa77@example.com,2019-09-03
1123,Amy,Steele,browncharles@example.com,2019-12-14
1124,Kelli,Guerrero,egeorge@example.org,2020-12-29
1125,Melvin,Brown,bcaldwell@example.net,2019-11-30
1126,Gary,Russell,flong@example.com,2021-04-06
1127,Stuart,Hooper,jacquelinemassey@example.net,2023-12-26
1128,Dominic,Ponce,janet70@example.com,2024-08-25
1129,Thomas,Swanson,browndebra@example.net,2023-09-08
1130,Charles,Montoya,wilsondennis@example.org,2023-05-09
1131,Kristen,Howard,sbell@example.org,2020-10-24
1132,Kimberly,Noble,rpittman@example.com,2021-04-29
1133,Anna,Jensen,dennisking@example.net,2021-01-22
1134,Laurie,Martinez,morganbeverly@example.com,2021-01-01
1135,Denise,Stone,andersonamber@example.net,2022-10-31
1136,Shawn,Gonzalez,derekdickson@example.org,2024-07-31
1137,Lisa,Hammond,adamsmith@example.com,2022-12-15
1138,Christopher,Willis,maxwellgregory@example.net,2023-03-12
1139,Emily,Harper,zgarrison@example.org,2020-12-09
1140,Craig,Baldwin,johnhayes@example.net,2021-08-16
1141,Jennifer,Brown,rossstephanie@example.com,2021-09-29
1142,Ashley,Thompson,kathryn47@example.org,2023-09-20
1143,Brianna,Horn,richardbryant@example.com,2023-04-09
1144,Anthony,Butler,michael62@example.com,2022-12-30
1145,Kimberly,Cruz,andrewbowman@example.net,2024-05-31
1146,Geoffrey,Burch,leslie52@example.net,2019-10-07
1147,Juan,Hill,coryrodriguez@example.net,2023-04-09
1148,Kimberly,Graham,james51@example.com,2020-07-07
1149,Lisa,Bowman,ubennett@example.org,2021-09-26
1150,Nicolas,Fields,alisonsmith@example.com,2022-06-17
1151,Jackie,Griffith,kguzman@example.net,2022-08-19
1152,Christopher,Page,justinberger@example.com,2021-08-03
1153,Charlene,Leblanc,wardalicia@example.org,2020-10-06
1154,John,Brewer,zburke@example.com,2021-02-05
1155,Nicole,Carter,caitlinwest@example.org,2023-07-17
1156,Monica,Compton,derekdouglas@example.com,2023-11-24
1157,Gabriela,Schneider,plewis@example.com,2022-07-31
1158,Willie,Villarreal,enichols@example.com,2021-04-25
1159,Anna,Valentine,hunteddie@example.com,2023-01-07
1160,Alyssa,Massey,brianroberts@example.com,2019-12-13
1161,Jacqueline,Ruiz,ashleysmith@example.org,2021-05-18
1162,Chad,Sawyer,meganberry@example.org,2022-12-25
1163,George,Preston,alexandra43@example.org,2020-04-30
1164,Donald,Hall,vramos@example.org,2021-01-07
1165,Karen,Price,thomasvillegas@example.com,2020-07-06
1166,Emma,Jenkins,lisa33@example.net,2024-01-12
1167,Jessica,Martin,jthompson@example.org,2022-09-23
1168,Heidi,Graves,daniel16@example.org,2024-01-29
1169,Scott,Adams,john70@example.com,2023-04-05
1170,Cynthia,Lee,davisdylan@example.org,2021-02-17
1171,David,Smith,ndavidson@example.net,2024-06-24
1172,Lisa,Morris,schroederjason@example.com,2023-12-04
1173,Jeanette,Murphy,angelachandler@example.com,2022-04-06
1174,Katelyn,Odonnell,vmyers@example.net,2021-05-12
1175,Francisco,Lopez,alishasmith@example.com,2021-05-02
1176,Michelle,David,jamiedavis@example.org,2023-05-20
1177,Karen,Hill,murphyjames@example.org,2021-11-19
1178,Andrew,Lopez,austin37@example.com,2019-12-14
1179,Bethany,Curtis,tammy27@example.org,2022-11-08
1180,Charles,Valenzuela,kenneth67@example.com,2024-06-05
1181,Ellen,Harris,medwards@example.org,2022-01-06
1182,Angela,Lucas,tina05@example.com,2021-05-29
1183,Steven,Williams,michaeljones@example.net,2021-11-13
1184,Angela,Rodriguez,ncline@example.com,2023-01-06
1185,Misty,Taylor,sporter@example.com,2023-05-30
1186,John,Quinn,laura53@example.org,2022-03-09
1187,Rachel,Miller,briggskeith@example.org,2024-06-12
1188,Thomas,Wright,justinwarren@example.net,2022-09-16
1189,Edward,Fields,brandyjames@example.org,2021-07-11
1190,Nicholas,Green,adamsrobert@example.org,2023-07-23
1191,Barbara,Campbell,eric02@example.org,2024-04-09
1192,Brian,Villegas,kimberly35@example.net,2022-06-27
1193,Ryan,Clarke,andersonjermaine@example.org,2020-05-30
1194,Thomas,Huffman,timothyalvarado@example.org,2022-06-20
1195,Diana,Zuniga,ichen@example.org,2019-09-25
1196,Beverly,Smith,joseph83@example.org,2019-11-26
1197,Tammy,Reeves,ashleysnyder@example.com,2023-09-06
1198,Brittany,Lewis,ddowns@example.org,2020-09-04
1199,Marc,Cochran,nstone@example.org,2022-06-30
1200,Christine,Lloyd,katelyn70@example.org,2019-10-29
1201,Rachel,Davis,browncarolyn@example.com,2021-10-14
1202,Carol,Morris,teresagardner@example.net,2022-09-24
1203,Kristin,Wilson,richarddeleon@example.org,2022-08-31
1204,Denise,Cooper,ryanscott@example.org,2021-06-13
1205,Sarah,Fleming,martineztheresa@example.org,2023-07-11
1206,Stacy,Harrington,danielle34@example.net,2022-05-20
1207,Christina,Bates,kristinaschultz@example.org,2020-09-01
1208,Steven,Kidd,bethwright@example.org,2021-09-25
1209,Geoffrey,Gilmore,bmosley@example.net,2023-07-27
1210,Elizabeth,Osborn,vaughnashley@example.net,2019-10-01
1211,Dean,Liu,saundersrebecca@example.org,2019-12-29
1212,Nichole,Jefferson,maureenblanchard@example.com,2022-02-03
1213,Amanda,Combs,henry96@example.com,2019-12-31
1214,Jessica,Rivera,ramirezchristopher@example.net,2023-10-18
1215,David,Nguyen,martinezerica@example.net,2022-09-28
1216,Tina,Bell,ilarson@example.com,2022-01-15
1217,Jacob,Duncan,martinezmichael@example.net,2021-02-14
1218,Belinda,Barrett,scotthaynes@example.com,2024-04-19
1219,Tina,Stewart,amanda06@example.org,2022-03-09
1220,Luke,Willis,ipalmer@example.net,2021-07-23
1221,Angela,King,hmitchell@example.net,2023-02-09
1222,Christopher,Jordan,griffintroy@example.net,2023-04-05
1223,Trevor,Bishop,carolinegordon@example.com,2023-12-09
1224,Joyce,Young,vjones@example.com,2021-06-18
1225,David,Holmes,fischerlisa@example.org,2019-08-29
1226,Christopher,Torres,butlerkendra@example.com,2023-05-16
1227,Megan,Morrow,joshua34@example.com,2021-06-26
1228,Regina,Roberts,thomas90@example.org,2022-07-14
1229,Christopher,Carpenter,christydavis@example.com,2023-05-20
1230,Amanda,Calhoun,farmstrong@example.org,2023-09-09
1231,James,Garner,sarameza@example.org,2020-05-25
1232,Richard,Powers,tylermurphy@example.net,2021-11-11
1233,Dylan,Reynolds,marco95@example.com,2021-12-03
1234,James,Warren,laura08@example.org,2024-04-03
1235,Clinton,Dominguez,williamhammond@example.org,2022-12-09
1236,Steven,Hughes,hansoncameron@example.com,2020-05-07
1237,Jennifer,Figueroa,lori18@example.net,2023-02-15
1238,Connie,Gonzalez,jjohnson@example.net,2023-01-11
1239,Tracy,Cameron,cameron16@example.net,2020-01-29
1240,Eileen,Hunter,griffithkatherine@example.net,2023-10-19
1241,Jeremy,Davila,jeremycardenas@example.net,2022-02-18
1242,David,Wong,eric53@example.com,2023-01-23
1243,Donna,Powell,terrismith@example.com,2023-10-04
1244,Scott,Cooper,ylarson@example.com,2021-03-29
1245,Peter,Osborne,jennifer44@example.com,2020-09-09
1246,Leah,Rose,owang@example.com,2020-07-11
1247,David,Wilson,hailey88@example.org,2024-07-22
1248,Courtney,Chambers,taylorcherry@example.org,2021-07-01
1249,Bailey,Gonzales,xcantu@example.com,2020-01-16
1250,Deborah,Miller,kgentry@example.org,2023-03-27
1251,Darren,Robinson,garciajudith@example.com,2020-03-11
1252,Matthew,Jimenez,ualexander@example.org,2023-03-29
1253,John,Simon,joneskyle@example.org,2022-05-27
1254,Justin,Welch,dale75@example.com,2019-11-22
1255,Susan,Higgins,bberry@example.com,2024-08-03
1256,Yolanda,Jenkins,jesse54@example.org,2020-12-14
1257,Gregory,Hall,rleon@example.net,2019-12-09
1258,Randy,Gill,nfranco@example.com,2024-03-27
1259,Crystal,Chapman,debrasalazar@example.net,2024-04-09
1260,Patricia,Sanford,bjackson@example.org,2023-11-26
1261,Rhonda,Tran,karen20@example.net,2019-11-22
1262,Stacy,Holt,yjohnson@example.com,2022-10-11
1263,Amy,Newton,hernandezgregory@example.com,2024-04-28
1264,Victor,Johnston,amanda77@example.com,2022-04-24
1265,Cody,Dillon,jennifer09@example.net,2020-04-05
1266,Stephanie,Lopez,timothy61@example.net,2024-06-10
1267,Karen,Taylor,kerry94@example.org,2021-03-21
1268,Todd,Dixon,crystalstrickland@example.net,2022-09-01
1269,Erin,Moyer,johnbell@example.org,2023-07-04
1270,Robert,Mccormick,deborahatkinson@example.com,2024-07-06
1271,David,Bryant,scott43@example.net,2024-06-29
1272,Carrie,Townsend,stevengomez@example.com,2024-07-26
1273,Ronald,Crosby,cmarshall@example.com,2024-05-16
1274,Adrienne,Owen,leonpatricia@example.com,2023-07-21
1275,Jonathan,Merritt,tsmith@example.net,2024-05-19
1276,Eric,Gilmore,thomas94@example.org,2024-08-12
1277,Christopher,Baker,kevin76@example.net,2021-05-23
1278,Michael,Huerta,cookcameron@example.org,2024-07-19
1279,Nicholas,Wagner,dianetownsend@example.com,2024-05-27
1280,Stephanie,Ellis,ejones@example.com,2023-12-01
1281,Katelyn,Smith,elee@example.com,2024-01-04
1282,Kimberly,Pearson,jonescheryl@example.org,2020-05-05
1283,Wendy,Madden,marc12@example.org,2021-06-01
1284,Allison,Ross,kristopher24@example.com,2023-04-04
1285,Sarah,Taylor,stephanie41@example.com,2021-03-19
1286,Kevin,Powell,campostonya@example.net,2020-07-17
1287,Garrett,Scott,williamthomas@example.net,2023-08-20
1288,Kaitlyn,Bright,ijones@example.com,2022-08-15
1289,Caitlyn,Robbins,maria52@example.net,2024-04-05
1290,Jeremiah,Sanchez,brennaneric@example.org,2023-07-03
1291,Steve,Hughes,randyturner@example.net,2020-07-10
1292,Sean,Ortiz,cjames@example.org,2019-10-12
1293,Kyle,Vargas,mary88@example.com,2023-05-22
1294,Frances,Jones,ksharp@example.net,2020-06-06
1295,Heather,Martin,jessemiller@example.org,2021-01-11
1296,James,Moore,aprilroberts@example.org,2024-01-22
1297,Heidi,Foster,perrykristopher@example.org,2022-10-27
1298,James,Bush,huntdwayne@example.com,2024-03-19
1299,Amy,Davis,jamesknight@example.org,2020-08-07
1300,Kimberly,Jones,davidcampbell@example.net,2023-09-03
1301,Becky,Delacruz,grace70@example.org,2020-09-15
1302,Peter,Farrell,michael38@example.org,2020-09-03
1303,Robert,Arroyo,michael62@example.org,2022-09-18
1304,Heather,Griffith,greenkevin@example.com,2020-09-11
1305,John,Dawson,jwood@example.net,2019-12-10
1306,Molly,Jensen,nsherman@example.com,2024-06-29
1307,Charles,Duncan,elyons@example.net,2020-07-18
1308,Heather,Barber,olsonadam@example.org,2019-08-29
1309,Christina,Taylor,patrickjonathan@example.net,2021-08-27
1310,Christian,Hill,zjohnson@example.net,2020-03-05
1311,Brian,Edwards,thomas97@example.com,2024-02-29
1312,Krista,Zimmerman,robert02@example.com,2020-06-19
1313,Shawna,Erickson,robert02@example.com,2020-11-24
1314,Valerie,Crosby,jennifer93@example.org,2021-07-04
1315,Julie,Robinson,kevin96@example.org,2019-10-17
1316,Lisa,Taylor,lewiswilliam@example.com,2024-03-22
1317,Jason,Howard,lmercado@example.net,2019-11-28
1318,Johnny,Good,fmontgomery@example.org,2022-04-20
1319,Melissa,Scott,micheal15@example.com,2023-12-07
1320,Cody,Turner,jeremyharper@example.com,2022-01-04
1321,Wanda,Murphy,davissandra@example.com,2022-04-18
1322,Anthony,Elliott,sherismith@example.net,2020-03-04
1323,Zachary,Gillespie,bryan13@example.net,2022-12-18
1324,Katherine,Taylor,bcarlson@example.net,2022-10-18
1325,Troy,Douglas,ballgregory@example.com,2023-02-20
1326,James,Sims,meganmason@example.net,2020-11-13
1327,Vanessa,Mcmahon,william00@example.org,2019-11-27
1328,Kelsey,Moran,perezerica@example.com,2023-05-05
1329,Janet,Ellis,stephensfrank@example.net,2022-11-23
1330,Derek,White,kswanson@example.net,2021-11-06
1331,Joan,Price,bennettjohn@example.net,2021-10-05
1332,Melvin,Morris,james85@example.com,2023-07-17
1333,John,Olsen,michelehoward@example.org,2023-10-18
1334,Adrian,Hernandez,alexandragraham@example.com,2023-03-25
1335,Melissa,Jones,destinylewis@example.org,2021-03-18
1336,Kelly,Harper,joseph64@example.net,2023-04-06
1337,Michael,Contreras,bensonbruce@example.net,2020-06-19
1338,Michael,Hernandez,jamesmonroe@example.net,2022-04-19
1339,Christopher,Lamb,melissa33@example.net,2020-08-17
1340,Nicole,Arnold,wsimon@example.net,2019-08-29
1341,Tammy,Hill,zmurphy@example.net,2019-09-20
1342,Robert,Norris,reginald34@example.com,2021-07-22
1343,Samuel,Reyes,katieking@example.net,2024-04-16
1344,Juan,Byrd,steven71@example.net,2024-03-09
1345,Jessica,Acosta,campbellthomas@example.com,2024-03-06
1346,Kristine,Hernandez,jmcgee@example.com,2019-09-03
1347,Joseph,Wilkinson,shanewarren@example.net,2022-02-06
1348,Julie,Hartman,adkinsjason@example.org,2020-03-21
1349,Adrienne,Rodriguez,ffuentes@example.net,2022-04-26
1350,Ashley,Chambers,lallison@example.com,2019-10-21
1351,Valerie,Wilcox,xpoole@example.org,2024-03-11
1352,Stephen,Tapia,samuelfriedman@example.com,2021-08-04
1353,Ralph,Thomas,veronicadavis@example.com,2022-07-17
1354,Chase,Johnson,linda53@example.net,2020-04-09
1355,Laura,Smith,robertcoleman@example.com,2019-10-21
1356,Laura,Dixon,claudia98@example.org,2020-03-03
1357,Steven,Holland,megan58@example.net,2023-03-20
1358,Alex,Mcguire,lreyes@example.net,2021-07-28
1359,Haley,Davidson,jhawkins@example.com,2020-09-07
1360,Justin,Baker,jonesamanda@example.com,2023-12-23
1361,Samantha,Wells,brianclark@example.org,2023-05-29
1362,Melissa,Ritter,alexespinoza@example.net,2020-05-02
1363,Cindy,Lee,turnerrebekah@example.org,2020-09-19
1364,Jim,Calhoun,jacob73@example.org,2021-05-16
1365,Alexander,Chapman,kpatrick@example.net,2022-12-06
1366,Shelley,Smith,rachelgomez@example.com,2021-10-22
1367,Michele,Gilbert,vasquezvictoria@example.net,2021-12-03
1368,Jason,Avila,mcampbell@example.com,2023-07-05
1369,Michael,Nguyen,colliersavannah@example.net,2024-03-28
1370,Sara,Clark,millernicholas@example.com,2022-04-30
1371,Kelly,Pearson,durhamjonathan@example.net,2020-11-29
1372,Joseph,Patel,phelpskaren@example.org,2021-04-08
1373,Keith,Walsh,michael29@example.com,2023-05-30
1374,Michelle,Carr,sergioguzman@example.net,2021-07-04
1375,Sheila,Wheeler,antoniorobinson@example.net,2024-04-29
1376,Kristen,Williams,michaelsmith@example.org,2021-01-14
1377,Jason,Smith,michael30@example.net,2024-03-18
1378,Kimberly,Perez,kbrewer@example.com,2021-10-13
1379,Samuel,Bradley,brendadillon@example.org,2024-05-20
1380,Elizabeth,Sosa,brownolivia@example.net,2020-04-14
1381,Michelle,Hall,greenjacob@example.net,2023-12-07
1382,Micheal,Snyder,pamelafranklin@example.net,2021-11-27
1383,Stephanie,Alvarez,mark29@example.org,2023-09-11
1384,Christopher,Phelps,blackjoyce@example.com,2020-03-09
1385,Carol,Malone,petersonkristin@example.net,2022-12-13
1386,David,Gregory,ewilliams@example.net,2022-03-10
1387,Tammy,Smith,michaeljones@example.net,2020-02-14
1388,Scott,Rodriguez,angela16@example.net,2021-02-08
1389,Jacqueline,Campbell,coreyhebert@example.org,2023-03-28
1390,Catherine,Ray,icarlson@example.net,2023-04-23
1391,Hunter,Hansen,courtneywilliams@example.net,2020-11-09
1392,Ashley,Vasquez,audrey78@example.org,2024-05-15
1393,Stephen,Johnson,jobrien@example.net,2020-04-26
1394,Stacie,King,angelafrazier@example.net,2021-12-21
1395,Sandra,Clark,amy12@example.com,2021-08-10
1396,David,Vaughan,robertsmith@example.com,2023-02-16
1397,Janice,Lambert,tiffany48@example.org,2023-09-15
1398,Steven,Reese,hamiltonnicholas@example.net,2022-01-02
1399,Samantha,Johnston,david76@example.com,2023-04-13
1400,Kimberly,Moore,lukehenderson@example.com,2020-04-06
1401,Adam,Moreno,kreeves@example.net,2024-05-13
1402,Laura,Robinson,annanewton@example.org,2024-04-14
1403,Jaime,Heath,mahoneypeter@example.com,2020-10-22
1404,Cheyenne,Murphy,rodriguezkelly@example.net,2019-08-26
1405,Jason,Davis,hpham@example.com,2021-03-26
1406,Christine,Irwin,ethan91@example.net,2022-02-26
1407,Sarah,Smith,donnaharper@example.net,2020-12-05
1408,Justin,Patterson,brookesullivan@example.org,2021-07-05
1409,David,Gomez,cruzmichael@example.com,2024-02-26
1410,Cynthia,Ferrell,madams@example.com,2020-06-26
1411,Allison,Wu,elliottwhitney@example.org,2023-06-09
1412,Chelsea,Lozano,sarahhoffman@example.org,2021-05-23
1413,Linda,Baker,lacey93@example.org,2021-08-29
1414,Jaime,Reed,hunterjesse@example.org,2022-10-30
1415,Thomas,Gibson,jwalter@example.net,2021-07-28
1416,Virginia,Cole,glong@example.org,2020-09-28
1417,Dale,Young,alex73@example.com,2023-05-17
1418,Richard,Barron,ibrown@example.org,2021-06-16
1419,Donald,Smith,hschultz@example.com,2023-09-27
1420,Johnny,Smith,clarkmichael@example.com,2021-07-16
1421,Michael,Hamilton,walkertammy@example.com,2023-10-30
1422,Alexis,Pollard,owenmario@example.com,2024-07-06
1423,Curtis,Miranda,mhudson@example.net,2024-06-01
1424,Robert,Lambert,rosebowen@example.org,2021-08-16
1425,George,Arias,gjacobs@example.net,2020-02-06
1426,Mallory,Smith,armstrongrobert@example.com,2021-08-27
1427,Anthony,Rhodes,kpatterson@example.com,2020-06-20
1428,Christopher,Sanders,codycordova@example.net,2020-10-31
1429,Brett,Mckenzie,oweeks@example.com,2022-09-27
1430,Daniel,Roberts,ubarnes@example.com,2021-08-21
1431,Jennifer,Flores,joseph76@example.net,2020-09-23
1432,Richard,Jackson,margaretcannon@example.net,2023-10-17
1433,John,Dunn,ccarter@example.org,2020-06-11
1434,William,Ingram,cassandramejia@example.com,2020-10-23
1435,Mary,Waters,murphywilliam@example.com,2022-03-23
1436,Christine,Knox,xramos@example.org,2022-03-10
1437,Eric,Glass,stephaniethomas@example.net,2022-05-25
1438,Douglas,Bray,fitzgeraldmary@example.org,2023-10-22
1439,Christine,Livingston,amber47@example.net,2020-04-29
1440,Brandy,Boyd,jasonleblanc@example.com,2020-10-13
1441,April,Morris,diane87@example.com,2021-11-15
1442,Mario,Murray,medinaabigail@example.net,2024-07-22
1443,Kristina,Kane,tracy28@example.com,2023-03-20
1444,Alison,Villa,bonnie21@example.net,2019-10-22
1445,Matthew,Stewart,ujoseph@example.net,2021-01-18
1446,Erik,Mitchell,jennifer61@example.org,2024-05-17
1447,Tamara,Christensen,brianharrington@example.net,2021-08-12
1448,Jennifer,Bradley,rhonda86@example.com,2020-01-04
1449,Barbara,Carter,edward42@example.org,2021-10-14
1450,Katie,Jones,frobinson@example.org,2022-11-26
1451,Evan,Dougherty,jenniferramirez@example.com,2023-10-14
1452,Jennifer,Jones,zachary35@example.com,2020-03-03
1453,John,Boyle,davidsonjulia@example.org,2023-12-31
1454,Angela,Kline,david45@example.net,2023-09-02
1455,Samantha,Riley,zhughes@example.org,2021-12-28
1456,Rachel,Taylor,lucaszachary@example.org,2021-03-14
1457,Tyler,Adams,winterscynthia@example.org,2019-11-25
1458,Eric,Park,kimberly78@example.net,2023-07-15
1459,Brianna,Bond,maddendana@example.com,2023-01-18
1460,Marcus,Reid,ohopkins@example.org,2024-06-27
1461,Thomas,Wright,okelley@example.net,2022-02-26
1462,Michael,Nichols,audreycole@example.org,2021-07-30
1463,John,Ross,tinasmith@example.org,2022-10-12
1464,Lacey,Brown,jacqueline93@example.com,2024-08-09
1465,Brittney,Molina,kaylabishop@example.com,2020-10-14
1466,Amanda,Wilson,markmoran@example.net,2021-08-17
1467,Robert,Hansen,gregorysamantha@example.net,2023-11-28
1468,Susan,Allen,sarahthompson@example.org,2021-03-15
1469,Amy,Levy,taylorelizabeth@example.org,2023-05-14
1470,Daniel,Beard,pbrown@example.net,2021-04-20
1471,Shelby,Smith,grahamjames@example.org,2023-05-18
1472,Dwayne,Stout,wsutton@example.net,2024-03-07
1473,Shelly,Foley,melissapeters@example.org,2022-06-23
1474,Lisa,Gaines,thomas19@example.com,2023-05-04
1475,Scott,Perry,gregorywilson@example.com,2022-03-15
1476,Christine,Oconnor,william66@example.net,2020-05-13
1477,Jennifer,Salazar,zmcintyre@example.org,2022-09-27
1478,Matthew,Edwards,barrettnicholas@example.com,2023-05-29
1479,Robert,Little,smithjeffrey@example.com,2023-08-22
1480,Kyle,Rose,ujohnson@example.net,2022-09-26
1481,Leah,Morris,moodyjacqueline@example.com,2021-11-11
1482,Kathleen,Warner,raymondwilliams@example.org,2022-04-30
1483,Alicia,Henry,uboone@example.com,2021-10-21
1484,Nicole,Caldwell,kevin15@example.net,2021-01-09
1485,Jacob,Holder,beckyperkins@example.net,2020-03-23
1486,Nancy,Gregory,vstephenson@example.net,2022-10-21
1487,Sean,Cunningham,mscott@example.net,2023-06-29
1488,Alexander,Taylor,dsmith@example.com,2019-11-12
1489,Tonya,Rodriguez,lisalawrence@example.com,2022-03-19
1490,Michael,Pacheco,jamesdavid@example.net,2023-07-25
1491,Melissa,Johnson,pkoch@example.org,2023-10-21
1492,Bridget,Johnson,christiansmith@example.net,2021-05-01
1493,Stephen,Clark,shannon93@example.com,2023-03-07
1494,Jeremiah,Scott,russell84@example.net,2020-03-03
1495,Brianna,White,jrodriguez@example.org,2020-09-25
1496,Jamie,Medina,emily92@example.net,2020-02-22
1497,Lance,Duran,middletondaniel@example.com,2021-09-19
1498,Melissa,Murphy,oschmidt@example.com,2022-01-10
1499,Tina,Phillips,audrey86@example.org,2024-03-18
1500,Robert,Carlson,bobbylucas@example.com,2020-02-09
5001,Valery,Cruise,,2023-05-18
5002,Topo,Martin,,2024-08-18
