product_id,product_name,price,category
1,Reactive zero tolerance application,63.87,Beauty
2,Streamlined bandwidth-monitored algorithm,85.08,Clothing
3,Quality-focused empowering toolset,60.41,Beauty
4,Robust bandwidth-monitored hardware,63.7,Home
5,Cross-group bifurcated Local Area Network,84.09,Clothing
6,Stand-alone encompassing synergy,66.23,Home
7,Intuitive heuristic help-desk,87.04,Home
8,Customizable logistical data-warehouse,11.17,Outdoor
9,Synchronized zero tolerance challenge,52.81,Home
10,Compatible context-sensitive structure,46.86,Outdoor
11,Open-architected object-oriented firmware,49.4,Outdoor
12,Re-engineered directional initiative,94.94,Home
13,Open-source directional conglomeration,37.61,Beauty
14,User-centric user-facing product,18.13,Clothing
15,Organic bandwidth-monitored strategy,70.59,Home
16,Triple-buffered radical conglomeration,73.75,Home
17,Virtual cohesive algorithm,32.14,Home
18,Versatile bi-directional emulation,54.82,Beauty
19,Polarized foreground open architecture,32.27,Electronics
20,Open-architected demand-driven initiative,92.61,Clothing
21,Synergistic transitional firmware,62.22,Clothing
22,Upgradable dedicated standardization,65.02,Home
23,Down-sized multi-state policy,35.09,Beauty
24,Focused tangible functionalities,39.62,Beauty
25,Synergized tertiary productivity,32.25,Electronics
26,Operative 24hour open architecture,8.48,Electronics
27,Ergonomic tertiary extranet,38.02,Home
28,Organized 3rdgeneration software,90.65,Electronics
29,Persistent maximized methodology,54.85,Clothing
30,Front-line explicit data-warehouse,54.36,Clothing
31,Balanced leadingedge website,64.16,Home
32,Configurable attitude-oriented Local Area Network,69.77,Outdoor
33,Persevering logistical workforce,60.3,Clothing
34,Ergonomic interactive process improvement,65.01,Outdoor
35,Implemented hybrid monitoring,22.53,Clothing
36,Optional dedicated middleware,33.99,Home
37,Synchronized maximized info-mediaries,28.2,Outdoor
38,Re-engineered analyzing circuit,23.27,Outdoor
39,Seamless modular functionalities,45.05,Home
40,Upgradable leadingedge adapter,58.71,Electronics
41,Cloned bi-directional standardization,59.49,Books
42,Centralized holistic matrices,7.78,Outdoor
43,Up-sized explicit budgetary management,64.91,Electronics
44,Down-sized eco-centric knowledgebase,80.17,Outdoor
45,Managed web-enabled standardization,61.05,Books
46,Visionary upward-trending process improvement,44.51,Electronics
47,Reduced intangible access,88.87,Books
48,Cross-platform object-oriented secured line,23.92,Home
49,Horizontal responsive matrices,18.54,Home
50,Monitored tangible framework,91.22,Clothing
51,Expanded solution-oriented service-desk,76.9,Beauty
52,Ameliorated encompassing emulation,79.61,Clothing
53,Diverse disintermediate analyzer,100.4,Electronics
54,Re-engineered 3rdgeneration access,22.68,Electronics
55,Implemented impactful website,78.94,Beauty
56,Up-sized regional alliance,19.66,Electronics
57,Seamless cohesive open architecture,82.05,Clothing
58,Synchronized systemic middleware,67.85,Outdoor
59,Multi-tiered demand-driven intranet,81.53,Books
60,Managed systematic migration,72.08,Clothing
61,Future-proofed static moderator,48.36,Outdoor
62,Proactive stable superstructure,91.39,Clothing
63,Enhanced coherent complexity,51.29,Home
64,Mandatory intangible forecast,62.89,Beauty
65,Vision-oriented context-sensitive projection,36.86,Books
66,Networked bottom-line Graphical User Interface,96.8,Clothing
67,Intuitive transitional neural-net,55.38,Clothing
68,Adaptive bifurcated architecture,10.57,Home
69,Public-key national knowledgebase,57.43,Clothing
70,Enterprise-wide asynchronous toolset,21.94,Home
71,De-engineered tertiary neural-net,35.22,Outdoor
72,Persistent high-level benchmark,73.0,Clothing
73,Virtual methodical artificial intelligence,14.69,Electronics
74,Future-proofed discrete leverage,43.47,Outdoor
75,Synchronized foreground time-frame,37.5,Home
76,Customizable composite productivity,67.88,Outdoor
77,Synergistic discrete capability,52.25,Electronics
78,Cross-platform motivating moratorium,20.58,Home
79,Expanded cohesive archive,58.73,Home
80,Re-contextualized zero administration firmware,81.89,Books
81,Seamless 24/7 toolset,83.88,Books
82,Ergonomic neutral software,97.51,Clothing
83,Pre-emptive needs-based algorithm,6.55,Clothing
84,Versatile fault-tolerant solution,35.53,Electronics
85,Multi-layered transitional info-mediaries,38.3,Clothing
86,Optional client-driven core,89.22,Beauty
87,Multi-channeled national concept,61.33,Books
88,Progressive 5thgeneration initiative,69.85,Beauty
89,Team-oriented mission-critical parallelism,10.35,Beauty
90,Synergistic transitional attitude,54.25,Books
91,Assimilated stable neural-net,29.69,Home
92,Reverse-engineered non-volatile knowledgebase,71.13,Electronics
93,Devolved didactic forecast,18.74,Clothing
94,Adaptive client-driven middleware,45.97,Books
95,Virtual value-added functionalities,64.71,Outdoor
96,User-friendly demand-driven function,19.28,Beauty
97,Total discrete hub,26.46,Beauty
98,Optional asynchronous functionalities,51.29,Books
99,Sharable neutral access,53.46,Books
100,Assimilated web-enabled leverage,45.54,Beauty
101,Optimized explicit middleware,37.08,Clothing
102,Sharable value-added challenge,99.56,Clothing
103,Business-focused even-keeled projection,83.27,Books
104,Synergized impactful service-desk,41.77,Clothing
105,Inverse modular product,22.18,Books
106,Reactive mission-critical focus group,31.35,Home
107,Optimized full-range task-force,20.81,Home
108,Focused asymmetric project,40.43,Books
109,Synergized needs-based knowledge user,60.71,Books
110,Visionary transitional concept,63.16,Home
111,Virtual maximized task-force,57.72,Books
112,Function-based multi-state model,38.68,Books
113,Face-to-face contextually-based product,27.08,Outdoor
114,Digitized needs-based product,16.61,Electronics
115,Future-proofed impactful initiative,74.85,Clothing
116,Multi-layered user-facing service-desk,26.62,Books
117,Mandatory optimal budgetary management,99.86,Home
118,Fully-configurable 24/7 strategy,72.48,Beauty
119,Public-key dynamic installation,42.05,Clothing
120,Compatible well-modulated structure,56.71,Books
121,Compatible methodical approach,21.63,Home
122,Customizable system-worthy model,19.78,Beauty
123,Multi-channeled responsive core,65.03,Electronics
124,Synchronized multi-state portal,41.86,Clothing
125,Future-proofed responsive moratorium,88.8,Clothing
126,Quality-focused intangible architecture,14.45,Electronics
127,Persevering contextually-based matrices,43.16,Home
128,User-friendly bifurcated implementation,49.85,Outdoor
129,Realigned dynamic middleware,66.58,Electronics
130,Ameliorated bifurcated hardware,74.71,Books
131,Integrated content-based system engine,60.98,Beauty
132,Fully-configurable static workforce,12.32,Electronics
133,Expanded cohesive flexibility,31.69,Clothing
134,Optional 6thgeneration middleware,68.87,Home
135,Switchable needs-based extranet,25.01,Outdoor
136,Function-based multi-tasking standardization,75.86,Outdoor
137,Compatible human-resource neural-net,60.17,Outdoor
138,Realigned executive frame,24.07,Outdoor
139,Networked transitional customer loyalty,55.27,Home
140,Profit-focused 24hour moderator,77.89,Beauty
141,Optimized regional ability,71.78,Books
142,Function-based mission-critical policy,69.4,Books
143,Right-sized zero-defect analyzer,10.87,Clothing
144,Pre-emptive disintermediate conglomeration,100.03,Books
145,Reduced 4thgeneration adapter,32.6,Outdoor
146,Switchable leadingedge model,48.36,Electronics
147,Business-focused directional time-frame,58.53,Clothing
148,User-centric uniform Local Area Network,71.51,Books
149,Profound exuding concept,61.39,Electronics
150,Organic 5thgeneration function,38.18,Outdoor
151,Front-line tertiary parallelism,52.7,Outdoor
152,Inverse holistic synergy,54.56,Electronics
153,Synchronized multi-state orchestration,48.28,Clothing
154,Balanced 24/7 Graphic Interface,10.47,Beauty
155,Assimilated dedicated budgetary management,55.64,Electronics
156,Down-sized coherent productivity,88.1,Home
157,Function-based multi-tasking architecture,16.15,Home
158,Extended logistical concept,12.0,Outdoor
159,Ergonomic dedicated installation,17.04,Beauty
160,Enterprise-wide dedicated help-desk,16.66,Beauty
161,Grass-roots bandwidth-monitored forecast,65.13,Electronics
162,Sharable bottom-line product,12.23,Electronics
163,Automated regional service-desk,83.64,Outdoor
164,Reduced non-volatile capability,16.71,Electronics
165,Customer-focused bi-directional superstructure,49.55,Home
166,Integrated motivating extranet,74.13,Clothing
167,Organized static portal,39.69,Clothing
168,Diverse responsive initiative,28.87,Outdoor
169,Cross-group modular data-warehouse,51.27,Home
170,Enterprise-wide high-level methodology,62.54,Electronics
171,Monitored mobile intranet,23.94,Outdoor
172,Function-based local Graphic Interface,17.35,Beauty
173,Triple-buffered 6thgeneration leverage,81.93,Outdoor
174,Implemented 24/7 focus group,87.89,Home
175,Digitized bi-directional standardization,83.32,Clothing
176,Exclusive web-enabled moderator,7.48,Home
177,Programmable real-time Local Area Network,34.98,Clothing
178,Ameliorated next generation website,17.78,Outdoor
179,Down-sized exuding productivity,87.35,Clothing
180,Reverse-engineered interactive process improvement,89.38,Books
181,Proactive analyzing Graphical User Interface,96.31,Home
182,Self-enabling bifurcated matrices,88.8,Home
183,Polarized radical time-frame,10.03,Outdoor
184,Cloned fault-tolerant challenge,8.34,Books
185,Innovative uniform approach,77.09,Books
186,Monitored multi-state complexity,28.79,Home
187,Mandatory homogeneous toolset,15.05,Home
188,Grass-roots intangible service-desk,51.06,Beauty
189,Virtual holistic paradigm,80.32,Clothing
190,Progressive cohesive implementation,52.12,Outdoor
191,Grass-roots heuristic groupware,74.2,Beauty
192,Fully-configurable user-facing conglomeration,71.45,Clothing
193,Fully-configurable 24/7 process improvement,46.28,Home
194,Quality-focused system-worthy firmware,90.17,Clothing
195,Customer-focused didactic standardization,12.76,Books
196,Expanded human-resource Internet solution,18.79,Outdoor
197,Multi-layered fault-tolerant software,85.28,Outdoor
198,Self-enabling content-based circuit,24.0,Clothing
199,Horizontal static info-mediaries,90.29,Beauty
200,Face-to-face dedicated product,69.5,Beauty
201,Total zero tolerance task-force,29.51,Books
202,Cross-group client-server project,6.59,Clothing
203,Exclusive systemic definition,20.14,Electronics
204,Multi-tiered demand-driven definition,9.56,Outdoor
205,Future-proofed asynchronous monitoring,40.59,Clothing
206,Monitored 6thgeneration circuit,22.76,Clothing
207,Extended demand-driven functionalities,14.6,Clothing
208,Organic real-time extranet,6.13,Clothing
209,Multi-tiered explicit open system,54.59,Outdoor
210,Object-based cohesive approach,94.17,Electronics
211,Re-contextualized composite throughput,29.77,Clothing
212,Profound background installation,21.21,Books
213,Devolved mobile superstructure,24.22,Electronics
214,Triple-buffered foreground standardization,91.39,Books
215,Compatible bottom-line protocol,68.75,Outdoor
216,Multi-layered demand-driven pricing structure,96.45,Beauty
217,Innovative web-enabled database,20.74,Clothing
218,Cloned directional forecast,44.97,Beauty
219,Progressive 4thgeneration system engine,52.14,Clothing
220,Multi-tiered intangible initiative,75.22,Beauty
221,Customer-focused client-server neural-net,60.41,Clothing
222,Adaptive multi-tasking architecture,83.03,Outdoor
223,Configurable intermediate moratorium,70.99,Clothing
224,Right-sized 3rdgeneration matrices,87.69,Home
225,Expanded impactful firmware,86.5,Home
226,User-friendly leadingedge adapter,25.22,Home
227,Function-based background product,30.32,Outdoor
228,Reactive empowering strategy,100.32,Clothing
229,Extended leadingedge contingency,22.78,Beauty
230,Managed optimal application,17.52,Home
231,Function-based motivating service-desk,17.22,Clothing
232,Mandatory responsive concept,55.8,Beauty
233,Optimized global support,96.94,Electronics
234,Face-to-face static portal,71.57,Home
235,Optional stable Graphic Interface,93.1,Outdoor
236,Decentralized background success,39.63,Books
237,Versatile scalable emulation,8.48,Home
238,Multi-tiered disintermediate Internet solution,46.31,Books
239,Proactive encompassing support,30.33,Beauty
240,Configurable asymmetric functionalities,74.35,Books
241,Up-sized 24/7 solution,19.74,Outdoor
242,Innovative secondary interface,13.59,Books
243,Managed holistic success,69.39,Electronics
244,Front-line 3rdgeneration orchestration,6.45,Outdoor
245,Open-source transitional architecture,60.96,Books
246,Operative coherent initiative,68.49,Clothing
247,Networked zero tolerance project,26.5,Home
248,Customer-focused neutral parallelism,31.08,Electronics
249,Seamless local concept,83.72,Clothing
250,Operative fault-tolerant infrastructure,93.63,Books
251,Proactive grid-enabled customer loyalty,64.51,Electronics
252,Fundamental eco-centric budgetary management,76.74,Clothing
253,Implemented grid-enabled collaboration,87.61,Home
254,Decentralized uniform application,86.17,Outdoor
255,Secured global algorithm,48.18,Outdoor
256,Ameliorated exuding methodology,56.66,Beauty
257,User-friendly multi-tasking architecture,43.3,Books
258,Enterprise-wide human-resource support,26.82,Books
259,Optimized reciprocal matrices,65.5,Home
260,Future-proofed fault-tolerant Local Area Network,35.44,Beauty
261,Decentralized hybrid product,20.21,Clothing
262,Seamless 24/7 data-warehouse,95.47,Outdoor
263,Synchronized empowering installation,49.31,Books
264,Advanced maximized open system,99.26,Beauty
265,Up-sized multi-tasking Local Area Network,36.5,Electronics
266,Synergized high-level structure,98.21,Books
267,Cloned demand-driven help-desk,10.91,Beauty
268,Profit-focused 6thgeneration capacity,43.77,Electronics
269,Synchronized 4thgeneration knowledgebase,47.77,Home
270,Monitored hybrid software,63.62,Electronics
271,Down-sized optimal system engine,36.97,Clothing
272,Decentralized human-resource array,67.75,Beauty
273,Progressive explicit circuit,60.24,Clothing
274,Automated optimal moratorium,30.39,Books
275,Enterprise-wide dedicated interface,60.52,Beauty
276,De-engineered asymmetric parallelism,67.16,Books
277,Devolved systemic protocol,92.02,Home
278,Expanded intermediate policy,89.44,Outdoor
279,Implemented leadingedge task-force,88.35,Electronics
280,Open-source holistic Local Area Network,37.67,Electronics
281,Future-proofed directional secured line,74.96,Clothing
282,Quality-focused zero-defect hierarchy,70.17,Beauty
283,Triple-buffered optimal info-mediaries,35.52,Books
284,Front-line object-oriented emulation,83.45,Books
285,Triple-buffered neutral strategy,51.27,Clothing
286,Team-oriented logistical extranet,8.83,Home
287,Devolved grid-enabled analyzer,24.28,Home
288,Diverse multimedia Graphical User Interface,36.06,Clothing
289,Upgradable explicit benchmark,60.04,Clothing
290,Cloned static hierarchy,95.63,Beauty
291,Streamlined mission-critical contingency,16.09,Books
292,Mandatory dynamic leverage,61.37,Beauty
293,Profound zero-defect implementation,59.74,Home
294,Multi-channeled bi-directional framework,61.88,Outdoor
295,Multi-layered mission-critical function,91.03,Electronics
296,Reduced heuristic forecast,11.45,Electronics
297,Open-architected explicit collaboration,74.94,Beauty
298,Compatible bottom-line data-warehouse,54.5,Books
299,User-centric 4thgeneration paradigm,47.78,Outdoor
300,Vision-oriented modular hierarchy,92.09,Books
301,De-engineered well-modulated Internet solution,88.99,Home
302,Phased methodical workforce,94.95,Clothing
303,Vision-oriented context-sensitive monitoring,66.33,Outdoor
304,Devolved reciprocal focus group,42.53,Books
305,Exclusive maximized benchmark,44.33,Beauty
306,Streamlined didactic productivity,43.83,Outdoor
307,Reverse-engineered tangible open system,73.39,Beauty
308,Intuitive national project,58.22,Books
309,Networked mission-critical projection,44.98,Beauty
310,Multi-channeled needs-based website,67.12,Clothing
311,Upgradable intermediate Local Area Network,71.06,Outdoor
312,Team-oriented 3rdgeneration frame,96.39,Electronics
313,Exclusive context-sensitive collaboration,39.41,Outdoor
314,Visionary demand-driven function,43.5,Clothing
315,Team-oriented explicit alliance,39.91,Clothing
316,Sharable responsive Internet solution,44.17,Electronics
317,Digitized actuating contingency,31.05,Clothing
318,Future-proofed high-level matrix,72.94,Books
319,Streamlined dynamic productivity,9.37,Home
320,Automated impactful moderator,88.47,Clothing
321,Face-to-face radical open system,89.09,Beauty
322,Profit-focused real-time help-desk,84.22,Home
323,Assimilated hybrid throughput,66.54,Clothing
324,User-centric attitude-oriented encoding,66.11,Beauty
325,Organic user-facing Graphical User Interface,94.65,Home
326,Organic incremental success,80.87,Books
327,Multi-tiered 24hour open architecture,91.52,Clothing
328,Synergistic static approach,14.24,Books
329,Distributed methodical infrastructure,11.37,Books
330,Re-contextualized solution-oriented definition,23.4,Beauty
331,User-centric zero-defect structure,57.41,Outdoor
332,Synergized 3rdgeneration architecture,10.91,Electronics
333,User-friendly real-time info-mediaries,8.03,Beauty
334,Configurable fresh-thinking firmware,89.39,Books
335,Reactive bifurcated migration,66.83,Clothing
336,Persistent coherent archive,81.13,Home
337,Total zero administration time-frame,45.71,Books
338,Reduced hybrid paradigm,59.63,Electronics
339,Customer-focused real-time archive,53.56,Beauty
340,Synergistic encompassing ability,85.32,Outdoor
341,Integrated maximized flexibility,16.14,Books
342,Centralized object-oriented utilization,61.17,Clothing
343,Total background help-desk,85.93,Clothing
344,Multi-layered client-driven hierarchy,96.84,Books
345,Integrated didactic budgetary management,74.1,Outdoor
346,Assimilated full-range Internet solution,72.66,Electronics
347,Object-based directional model,98.12,Electronics
348,Enterprise-wide dedicated collaboration,66.24,Electronics
349,Assimilated solution-oriented info-mediaries,52.07,Outdoor
350,Exclusive maximized groupware,22.66,Beauty
351,Object-based intermediate website,30.57,Home
352,Business-focused optimizing success,81.11,Books
353,User-centric contextually-based synergy,99.67,Outdoor
354,Configurable even-keeled architecture,76.9,Home
355,Total clear-thinking workforce,66.93,Outdoor
356,Object-based asynchronous process improvement,25.13,Electronics
357,Programmable bi-directional info-mediaries,33.09,Books
358,Cross-group scalable monitoring,19.8,Beauty
359,Streamlined holistic frame,10.32,Clothing
360,Mandatory mobile structure,16.21,Home
361,Reverse-engineered optimal portal,30.15,Outdoor
362,Decentralized intangible interface,21.99,Clothing
363,Compatible dynamic access,74.1,Electronics
364,Adaptive human-resource orchestration,70.71,Electronics
365,User-centric holistic function,45.87,Clothing
366,Public-key regional productivity,26.58,Books
367,Enterprise-wide cohesive solution,96.65,Electronics
368,Team-oriented leadingedge firmware,74.57,Home
369,Inverse coherent contingency,31.97,Beauty
370,Monitored exuding middleware,78.57,Beauty
371,Focused uniform protocol,59.98,Clothing
372,Polarized coherent system engine,37.4,Home
373,Virtual mobile array,7.75,Books
374,Exclusive hybrid alliance,73.37,Clothing
375,Cross-group holistic core,71.03,Clothing
376,Configurable systemic portal,49.0,Outdoor
377,Multi-layered national throughput,31.89,Home
378,User-centric exuding framework,33.21,Home
379,Adaptive attitude-oriented installation,66.23,Outdoor
380,Compatible client-driven complexity,73.64,Clothing
381,Managed exuding encryption,7.76,Beauty
382,Cross-group bottom-line application,76.52,Electronics
383,Inverse global software,56.04,Clothing
384,Vision-oriented transitional knowledgebase,6.9,Beauty
385,Stand-alone 4thgeneration superstructure,61.73,Beauty
386,Ergonomic solution-oriented analyzer,38.09,Beauty
387,Profound system-worthy process improvement,92.72,Books
388,Virtual global complexity,20.54,Outdoor
389,Expanded zero tolerance core,54.15,Electronics
390,Switchable interactive model,94.02,Home
391,Organic responsive frame,13.97,Beauty
392,Assimilated multimedia moratorium,50.34,Beauty
393,Virtual homogeneous policy,25.03,Outdoor
394,Optimized multi-tasking orchestration,37.82,Home
395,Team-oriented radical challenge,31.08,Beauty
396,Public-key coherent parallelism,26.53,Electronics
397,Devolved actuating alliance,75.34,Home
398,Progressive zero-defect benchmark,63.99,Books
399,Reactive systemic capacity,100.05,Home
400,Balanced dedicated application,48.52,Books
401,Total didactic groupware,86.65,Electronics
402,Up-sized dynamic strategy,81.09,Electronics
403,Focused mobile algorithm,21.09,Outdoor
404,Object-based tangible policy,53.09,Books
405,Profound secondary Local Area Network,97.39,Outdoor
406,Centralized multi-tasking toolset,76.96,Beauty
407,Front-line didactic utilization,13.55,Electronics
408,Assimilated explicit leverage,57.54,Clothing
409,Multi-layered zero-defect workforce,12.0,Outdoor
410,Multi-layered bottom-line toolset,96.91,Outdoor
411,Monitored web-enabled secured line,77.36,Beauty
412,Compatible dynamic product,37.72,Electronics
413,Programmable grid-enabled moderator,96.05,Clothing
414,Re-engineered tangible orchestration,40.47,Beauty
415,Multi-layered grid-enabled structure,37.48,Electronics
416,Realigned composite encoding,39.85,Beauty
417,Reactive incremental access,17.74,Electronics
418,Polarized eco-centric secured line,56.63,Clothing
419,Ergonomic context-sensitive project,98.32,Books
420,Exclusive bi-directional synergy,43.39,Outdoor
421,Seamless grid-enabled approach,15.56,Electronics
422,Quality-focused incremental task-force,85.05,Books
423,Persistent 24hour circuit,58.74,Electronics
424,Object-based 5thgeneration functionalities,11.28,Books
425,Monitored modular knowledgebase,78.56,Beauty
426,Profound even-keeled help-desk,86.92,Home
427,Function-based client-server Graphic Interface,23.61,Books
428,Streamlined responsive encryption,44.49,Beauty
429,Open-architected interactive info-mediaries,47.37,Electronics
430,Realigned optimal adapter,29.13,Books
431,Innovative logistical secured line,80.89,Electronics
432,Automated transitional structure,25.47,Home
433,Cross-group client-driven analyzer,34.12,Clothing
434,Integrated 5thgeneration matrix,86.53,Beauty
435,Stand-alone eco-centric encoding,92.88,Beauty
436,Diverse fault-tolerant groupware,29.12,Clothing
437,Horizontal homogeneous instruction set,87.4,Books
438,Re-contextualized 5thgeneration product,41.18,Books
439,Polarized discrete access,71.24,Outdoor
440,Innovative intermediate solution,28.9,Home
441,Profound contextually-based throughput,92.76,Beauty
442,Robust even-keeled functionalities,42.68,Clothing
443,Customer-focused system-worthy protocol,64.33,Books
444,Synergized optimal encryption,63.71,Electronics
445,Public-key uniform challenge,49.02,Outdoor
446,Compatible content-based contingency,8.24,Clothing
447,Synergized background project,18.6,Beauty
448,Organic interactive utilization,78.05,Electronics
449,Horizontal full-range algorithm,56.45,Electronics
450,Ameliorated real-time groupware,16.4,Clothing
451,Quality-focused executive solution,65.34,Outdoor
452,Triple-buffered 6thgeneration project,67.57,Electronics
453,Ameliorated directional hierarchy,66.18,Home
454,Decentralized multimedia conglomeration,16.16,Electronics
455,Synchronized zero administration budgetary management,74.29,Home
456,Quality-focused bi-directional knowledge user,57.51,Books
457,Future-proofed grid-enabled solution,54.16,Electronics
458,Organic zero administration alliance,71.76,Beauty
459,Upgradable client-server analyzer,58.28,Electronics
460,Re-engineered web-enabled superstructure,30.99,Beauty
461,Reactive motivating Graphical User Interface,76.88,Clothing
462,Reverse-engineered eco-centric help-desk,40.21,Home
463,Future-proofed asynchronous concept,93.53,Clothing
464,Extended 6thgeneration paradigm,67.9,Home
465,User-friendly dedicated structure,7.94,Home
466,Synchronized optimal archive,88.85,Clothing
467,Expanded human-resource portal,74.12,Clothing
468,Universal next generation instruction set,99.83,Books
469,Seamless bottom-line superstructure,85.29,Beauty
470,Balanced composite model,18.12,Clothing
471,Cross-platform asynchronous array,47.81,Electronics
472,Polarized even-keeled Internet solution,9.41,Beauty
473,De-engineered needs-based concept,37.92,Clothing
474,Expanded tangible groupware,30.17,Clothing
475,Multi-tiered system-worthy ability,11.46,Electronics
476,Open-architected intermediate alliance,10.89,Electronics
477,Synergized client-driven secured line,46.71,Outdoor
478,Focused 5thgeneration forecast,57.05,Electronics
479,Robust real-time complexity,10.63,Beauty
480,Realigned exuding extranet,47.23,Books
481,Integrated real-time secured line,21.09,Books
482,Enterprise-wide optimal interface,59.78,Home
483,Profit-focused solution-oriented utilization,33.63,Books
484,Fundamental static projection,61.45,Beauty
485,Quality-focused actuating collaboration,14.32,Books
486,Centralized human-resource matrix,97.64,Home
487,Streamlined content-based Graphical User Interface,49.58,Electronics
488,Re-contextualized next generation concept,59.57,Home
489,Customizable maximized encryption,83.67,Home
490,Synergistic contextually-based access,89.57,Beauty
491,Cross-group bottom-line standardization,22.04,Outdoor
492,Organic object-oriented ability,23.0,Outdoor
493,Phased logistical focus group,33.82,Books
494,Diverse multi-tasking website,64.16,Electronics
495,Profit-focused composite groupware,82.36,Home
496,Versatile asymmetric support,86.0,Home
497,Intuitive bi-directional parallelism,90.43,Home
498,Organic directional conglomeration,31.7,Clothing
499,Profound dynamic instruction set,30.91,Beauty
500,Intuitive client-driven emulation,41.89,Electronics
501,Future-proofed client-driven challenge,9.6,Outdoor
502,Re-contextualized 6thgeneration capability,92.0,Electronics
503,Ameliorated real-time protocol,78.69,Home
504,Programmable zero administration process improvement,64.88,Electronics
505,Assimilated mobile info-mediaries,24.73,Clothing
506,Re-contextualized context-sensitive system engine,86.64,Home
507,Devolved composite initiative,6.45,Books
508,Open-source didactic strategy,36.24,Outdoor
509,Phased methodical methodology,26.85,Home
510,Cross-platform holistic forecast,98.0,Books
511,Open-source global instruction set,14.87,Books
512,Seamless dynamic project,18.93,Beauty
513,Devolved radical portal,43.08,Electronics
514,User-friendly coherent monitoring,34.52,Books
515,Polarized bifurcated installation,54.99,Books
516,Seamless high-level hub,99.97,Home
517,Vision-oriented actuating website,73.41,Electronics
518,Digitized coherent open system,37.7,Books
519,Innovative client-server benchmark,30.55,Books
520,Synchronized systematic software,45.32,Outdoor
521,Upgradable global customer loyalty,61.83,Electronics
522,Quality-focused leadingedge infrastructure,84.08,Home
523,Synergistic exuding ability,10.9,Clothing
524,Streamlined foreground project,46.67,Electronics
525,Monitored neutral orchestration,25.05,Outdoor
526,Phased demand-driven Graphic Interface,65.26,Beauty
527,Persistent 6thgeneration parallelism,66.47,Books
528,Cross-group asymmetric alliance,56.71,Beauty
529,Open-source intangible attitude,29.21,Electronics
530,Open-architected multi-state project,9.97,Electronics
531,Self-enabling logistical synergy,82.18,Outdoor
532,Cross-group radical hierarchy,82.01,Outdoor
533,Fully-configurable stable product,28.61,Books
534,Team-oriented static encoding,45.97,Electronics
535,Pre-emptive scalable matrices,82.76,Beauty
536,Inverse national synergy,17.51,Home
537,Distributed incremental process improvement,59.63,Clothing
538,Profit-focused tangible project,15.48,Outdoor
539,Streamlined object-oriented orchestration,35.75,Beauty
540,Digitized regional benchmark,71.24,Books
541,Extended logistical matrices,10.95,Electronics
542,User-centric local forecast,42.84,Clothing
543,Reverse-engineered solution-oriented model,8.75,Books
544,Compatible intermediate neural-net,56.23,Beauty
545,Robust tangible product,15.35,Home
546,Robust web-enabled open system,59.73,Electronics
547,Visionary homogeneous methodology,71.21,Home
548,Reverse-engineered radical projection,75.41,Electronics
549,Synchronized multi-state service-desk,97.71,Books
550,Exclusive methodical approach,35.37,Clothing
551,Advanced bi-directional hardware,79.82,Clothing
552,Face-to-face methodical hardware,87.5,Beauty
553,Re-engineered content-based secured line,34.09,Electronics
554,Down-sized upward-trending help-desk,94.9,Outdoor
555,Focused asynchronous moderator,18.19,Electronics
556,De-engineered demand-driven protocol,46.61,Books
557,Monitored 24hour paradigm,54.35,Books
558,Configurable regional framework,67.75,Outdoor
559,Profit-focused motivating functionalities,45.37,Outdoor
560,Versatile methodical productivity,19.87,Electronics
561,Versatile clear-thinking encryption,86.19,Electronics
562,Decentralized regional leverage,89.0,Beauty
563,Customizable zero administration toolset,39.66,Outdoor
564,Multi-layered global circuit,28.72,Clothing
565,Future-proofed logistical customer loyalty,85.17,Outdoor
566,Switchable maximized implementation,60.97,Home
567,Digitized tertiary customer loyalty,88.32,Home
568,Cross-platform zero tolerance workforce,25.06,Outdoor
569,Operative composite collaboration,42.11,Beauty
570,Extended content-based groupware,45.25,Books
571,Public-key coherent database,35.62,Beauty
572,Upgradable content-based system engine,40.14,Books
573,Inverse multi-tasking challenge,75.41,Beauty
574,Fundamental scalable website,80.58,Clothing
575,Grass-roots user-facing success,81.66,Clothing
576,Automated even-keeled emulation,99.52,Home
577,Open-architected system-worthy functionalities,25.12,Clothing
578,Expanded dedicated support,28.48,Beauty
579,Devolved global adapter,23.05,Electronics
580,Organic fault-tolerant secured line,45.49,Electronics
581,Phased cohesive parallelism,97.09,Books
582,Pre-emptive attitude-oriented solution,86.15,Home
583,Synergistic bi-directional task-force,18.38,Books
584,Sharable composite productivity,9.2,Beauty
585,Diverse eco-centric ability,57.64,Books
586,Innovative tangible middleware,10.62,Books
587,Pre-emptive web-enabled productivity,63.5,Home
588,Right-sized regional hardware,26.06,Outdoor
589,Multi-lateral 4thgeneration support,29.43,Books
590,Persistent global policy,32.45,Books
591,Upgradable client-server approach,18.96,Home
592,Enterprise-wide system-worthy interface,82.68,Outdoor
593,Organized composite forecast,6.26,Clothing
594,Enterprise-wide high-level toolset,88.63,Clothing
595,Monitored well-modulated productivity,15.2,Electronics
596,Mandatory well-modulated structure,97.82,Electronics
597,Reduced upward-trending initiative,92.18,Books
598,Synchronized coherent approach,17.91,Beauty
599,Organic national groupware,100.79,Beauty
600,Up-sized next generation standardization,79.67,Books
601,Team-oriented non-volatile support,80.26,Books
602,Phased actuating hierarchy,42.5,Home
603,Multi-tiered human-resource hierarchy,95.31,Electronics
604,User-centric discrete migration,41.52,Outdoor
605,Team-oriented 6thgeneration collaboration,67.8,Home
606,Focused system-worthy portal,69.68,Home
607,Total transitional model,64.1,Outdoor
608,Implemented solution-oriented website,17.59,Electronics
609,Pre-emptive 5thgeneration strategy,36.14,Home
610,Ameliorated systemic alliance,98.58,Clothing
611,Operative composite encoding,47.37,Home
612,Upgradable well-modulated conglomeration,67.82,Books
613,Horizontal asynchronous protocol,69.54,Outdoor
614,Fully-configurable non-volatile artificial intelligence,32.52,Outdoor
615,Self-enabling modular standardization,34.81,Beauty
616,Integrated hybrid throughput,34.69,Home
617,Public-key mission-critical framework,51.23,Clothing
618,Extended empowering access,100.36,Books
619,Multi-lateral even-keeled matrices,55.78,Home
620,Operative neutral knowledge user,96.79,Clothing
621,Horizontal discrete hub,100.46,Home
622,Realigned fresh-thinking solution,81.64,Home
623,Programmable needs-based artificial intelligence,94.75,Books
624,Right-sized incremental customer loyalty,33.62,Clothing
625,Progressive user-facing core,50.91,Outdoor
626,Devolved system-worthy customer loyalty,59.15,Home
627,Sharable encompassing definition,76.24,Electronics
628,Synergized foreground workforce,15.76,Outdoor
629,Business-focused static core,25.45,Beauty
630,Optional real-time workforce,17.69,Clothing
631,Switchable scalable alliance,99.37,Outdoor
632,Open-source zero tolerance interface,85.45,Electronics
633,Customizable well-modulated circuit,59.24,Home
634,Ameliorated heuristic concept,24.9,Clothing
635,Seamless fresh-thinking circuit,7.01,Books
636,Exclusive bifurcated superstructure,24.24,Electronics
637,Fundamental contextually-based portal,6.85,Outdoor
638,Operative system-worthy access,31.6,Outdoor
639,Configurable leadingedge archive,52.33,Outdoor
640,Face-to-face zero tolerance hierarchy,87.93,Books
641,Switchable interactive interface,57.23,Outdoor
642,Profit-focused human-resource info-mediaries,65.66,Beauty
643,Decentralized holistic forecast,12.94,Home
644,Front-line reciprocal attitude,36.07,Home
645,Synergistic full-range frame,28.61,Books
646,Cross-group systematic emulation,40.38,Electronics
647,Compatible context-sensitive focus group,27.45,Home
648,Multi-lateral well-modulated instruction set,22.03,Electronics
649,Open-architected actuating matrix,95.82,Books
650,Cloned stable toolset,49.5,Outdoor
651,Programmable methodical benchmark,86.14,Books
652,Enhanced multi-state productivity,31.69,Clothing
653,Pre-emptive client-driven challenge,66.49,Outdoor
654,Ameliorated solution-oriented Local Area Network,25.84,Home
655,Reactive 6thgeneration customer loyalty,35.87,Electronics
656,User-friendly empowering archive,93.77,Electronics
657,Devolved exuding approach,85.9,Beauty
658,Reactive exuding adapter,85.94,Clothing
659,Right-sized system-worthy artificial intelligence,50.9,Books
660,Future-proofed upward-trending ability,66.21,Home
661,Automated tangible database,50.8,Outdoor
662,Proactive systemic leverage,20.98,Electronics
663,Optimized demand-driven artificial intelligence,90.89,Home
664,Re-contextualized next generation open architecture,89.87,Books
665,Virtual secondary hub,45.82,Beauty
666,Networked methodical solution,50.46,Books
667,Digitized contextually-based leverage,39.21,Clothing
668,Optimized solution-oriented core,21.27,Home
669,Programmable motivating orchestration,34.16,Home
670,Operative static core,50.83,Electronics
671,Configurable background intranet,23.84,Beauty
672,Adaptive contextually-based access,36.22,Home
673,Reverse-engineered didactic middleware,78.69,Home
674,Seamless logistical artificial intelligence,91.65,Electronics
675,Networked motivating circuit,71.8,Home
676,Multi-channeled human-resource project,26.8,Beauty
677,Fundamental interactive orchestration,78.78,Home
678,Implemented intermediate alliance,77.04,Outdoor
679,Triple-buffered cohesive functionalities,75.67,Beauty
680,Reactive executive concept,91.65,Beauty
681,Intuitive needs-based encoding,11.16,Clothing
682,Extended impactful frame,42.35,Clothing
683,Streamlined holistic project,81.32,Home
684,Synchronized well-modulated alliance,35.56,Clothing
685,Horizontal high-level customer loyalty,74.68,Electronics
686,Vision-oriented homogeneous extranet,77.65,Beauty
687,Pre-emptive next generation success,22.69,Home
688,Right-sized eco-centric Graphic Interface,44.93,Books
689,Decentralized global intranet,30.06,Electronics
690,Business-focused maximized knowledge user,16.67,Home
691,Horizontal hybrid capacity,96.86,Beauty
692,Devolved explicit instruction set,86.23,Home
693,Persistent dedicated middleware,26.94,Outdoor
694,Vision-oriented high-level hardware,40.02,Clothing
695,Down-sized client-driven strategy,31.87,Beauty
696,Adaptive object-oriented productivity,6.04,Outdoor
697,Reactive 3rdgeneration synergy,6.46,Books
698,Integrated value-added forecast,9.62,Books
699,Programmable maximized solution,28.76,Electronics
700,Fundamental context-sensitive firmware,42.06,Electronics
701,Cross-group object-oriented analyzer,73.93,Clothing
702,Decentralized zero-defect project,61.18,Clothing
703,Innovative modular focus group,70.15,Electronics
704,Organized optimizing data-warehouse,67.17,Beauty
705,Operative optimal frame,64.3,Beauty
706,Public-key zero administration strategy,17.62,Beauty
707,Sharable mobile database,86.08,Beauty
708,Advanced radical flexibility,19.48,Electronics
709,Visionary fault-tolerant array,31.76,Home
710,Team-oriented regional complexity,17.07,Books
711,Robust mobile synergy,72.64,Electronics
712,Mandatory attitude-oriented groupware,36.9,Electronics
713,Horizontal incremental superstructure,95.15,Outdoor
714,Switchable multi-tasking groupware,52.22,Books
715,Innovative human-resource collaboration,24.8,Home
716,Polarized 3rdgeneration function,46.45,Home
717,Distributed regional pricing structure,20.68,Outdoor
718,Public-key fault-tolerant interface,98.43,Electronics
719,Exclusive asynchronous support,11.24,Electronics
720,Devolved 3rdgeneration application,50.01,Outdoor
721,Expanded real-time implementation,62.85,Home
722,Synergistic 24/7 software,78.75,Home
723,Multi-tiered disintermediate contingency,60.01,Home
724,Triple-buffered attitude-oriented analyzer,17.83,Outdoor
725,Devolved bandwidth-monitored extranet,9.29,Clothing
726,Cross-platform explicit circuit,62.03,Books
727,Automated intangible support,92.44,Outdoor
728,Progressive executive monitoring,9.71,Books
729,Phased value-added capacity,17.48,Electronics
730,Down-sized neutral capability,31.1,Outdoor
731,Stand-alone non-volatile solution,88.46,Beauty
732,Organized incremental attitude,12.41,Electronics
733,Triple-buffered multi-tasking process improvement,27.4,Books
734,Quality-focused multi-tasking methodology,53.99,Beauty
735,Horizontal human-resource ability,76.71,Clothing
736,Devolved zero-defect workforce,90.7,Books
737,Phased real-time projection,86.82,Beauty
738,Configurable explicit protocol,29.24,Outdoor
739,Triple-buffered well-modulated protocol,13.9,Outdoor
740,Triple-buffered logistical open architecture,48.42,Outdoor
741,Realigned exuding capacity,81.93,Books
742,Reduced exuding workforce,35.55,Clothing
743,Mandatory asymmetric utilization,96.03,Electronics
744,Intuitive bandwidth-monitored intranet,67.0,Electronics
745,Profound foreground frame,49.4,Beauty
746,Right-sized foreground concept,29.17,Books
747,Intuitive asynchronous capability,13.65,Electronics
748,Versatile impactful leverage,31.71,Beauty
749,Progressive asymmetric model,17.58,Outdoor
750,Re-contextualized neutral application,23.04,Books
751,Reactive full-range policy,37.46,Home
752,Programmable system-worthy frame,86.02,Clothing
753,Organic user-facing service-desk,45.28,Books
754,Focused homogeneous initiative,45.83,Electronics
755,Future-proofed uniform knowledgebase,94.34,Outdoor
756,Persevering foreground synergy,84.5,Beauty
757,Focused optimal concept,76.61,Books
758,Operative tertiary collaboration,17.2,Clothing
759,Streamlined maximized policy,26.07,Electronics
760,Re-engineered upward-trending knowledgebase,67.42,Electronics
761,Devolved demand-driven alliance,75.89,Outdoor
762,Networked exuding architecture,9.6,Home
763,Organized real-time strategy,96.63,Clothing
764,Switchable cohesive data-warehouse,23.06,Clothing
765,Customizable radical array,53.94,Books
766,Ameliorated homogeneous time-frame,85.24,Outdoor
767,Multi-tiered hybrid info-mediaries,65.65,Books
768,Phased stable circuit,43.06,Clothing
769,Progressive local alliance,15.68,Beauty
770,Sharable well-modulated alliance,79.7,Home
771,Down-sized national collaboration,87.23,Home
772,Multi-tiered coherent access,14.76,Clothing
773,Multi-layered full-range leverage,66.24,Electronics
774,Open-source mission-critical encryption,76.94,Electronics
775,Centralized content-based methodology,33.75,Books
776,Seamless multi-tasking benchmark,13.2,Home
777,Proactive cohesive middleware,72.48,Electronics
778,Ergonomic explicit attitude,13.45,Outdoor
779,Expanded fault-tolerant database,9.82,Electronics
780,Enhanced 4thgeneration core,72.1,Home
781,Operative tangible focus group,100.08,Books
782,Synergized 3rdgeneration moderator,18.51,Electronics
783,Multi-channeled grid-enabled interface,66.39,Home
784,Multi-lateral context-sensitive flexibility,73.05,Books
785,Diverse dedicated productivity,30.05,Clothing
786,Total grid-enabled process improvement,21.38,Books
787,Switchable optimal encryption,30.18,Electronics
788,Devolved homogeneous algorithm,73.99,Electronics
789,Business-focused foreground artificial intelligence,12.02,Beauty
790,Function-based 5thgeneration array,67.78,Outdoor
791,Open-architected eco-centric function,64.5,Beauty
792,Polarized mobile array,26.0,Outdoor
793,Inverse tertiary application,63.93,Clothing
794,De-engineered 3rdgeneration infrastructure,50.53,Beauty
795,Customer-focused 6thgeneration flexibility,81.97,Books
796,Multi-lateral bottom-line circuit,9.85,Outdoor
797,Face-to-face reciprocal encoding,38.78,Clothing
798,Inverse interactive function,11.89,Home
799,Stand-alone analyzing adapter,17.37,Electronics
800,Devolved fresh-thinking matrix,86.75,Electronics
801,Sharable modular methodology,61.13,Clothing
802,Decentralized 5thgeneration hardware,91.7,Books
803,Right-sized exuding definition,65.52,Electronics
804,Innovative high-level initiative,49.14,Clothing
805,Universal high-level infrastructure,71.8,Home
806,Cross-group explicit product,19.5,Books
807,Reactive multimedia forecast,57.68,Outdoor
808,Synergized executive analyzer,97.43,Outdoor
809,Balanced incremental utilization,58.2,Outdoor
810,Grass-roots secondary time-frame,35.94,Outdoor
811,Customer-focused real-time encryption,25.34,Outdoor
812,Stand-alone static toolset,57.31,Clothing
813,Diverse modular time-frame,93.61,Clothing
814,Networked reciprocal knowledge user,6.54,Beauty
815,Configurable homogeneous monitoring,28.91,Clothing
816,Multi-tiered didactic structure,33.43,Home
817,Multi-lateral neutral Local Area Network,64.97,Clothing
818,Optional composite portal,20.04,Clothing
819,Phased coherent knowledge user,57.17,Clothing
820,Organic dedicated intranet,29.54,Beauty
821,Open-source secondary functionalities,54.63,Beauty
822,Multi-layered encompassing artificial intelligence,93.71,Electronics
823,Cross-group logistical encryption,93.64,Beauty
824,Enhanced real-time implementation,65.71,Books
825,Persistent human-resource database,30.77,Clothing
826,Team-oriented user-facing monitoring,50.19,Books
827,Multi-channeled didactic throughput,8.31,Outdoor
828,Devolved modular parallelism,90.52,Clothing
829,Fundamental radical attitude,27.5,Books
830,Reduced systemic protocol,28.55,Outdoor
831,Expanded encompassing portal,76.21,Beauty
832,Object-based eco-centric function,31.64,Beauty
833,Visionary fault-tolerant superstructure,82.01,Home
834,Organic incremental model,78.71,Home
835,Focused web-enabled neural-net,58.59,Beauty
836,Progressive neutral benchmark,71.27,Clothing
837,Implemented responsive strategy,10.46,Home
838,Networked 24hour hierarchy,93.0,Home
839,Open-architected intermediate superstructure,33.9,Outdoor
840,Advanced asynchronous forecast,42.96,Electronics
841,User-centric user-facing moratorium,41.24,Beauty
842,Networked bottom-line protocol,17.17,Home
843,Robust impactful challenge,26.18,Books
844,Exclusive discrete archive,49.04,Books
845,User-centric non-volatile knowledgebase,69.51,Electronics
846,Enterprise-wide zero tolerance encoding,76.23,Beauty
847,Optional asynchronous archive,38.5,Home
848,Exclusive web-enabled migration,29.88,Books
849,Configurable modular flexibility,71.73,Electronics
850,Customizable 5thgeneration hardware,88.47,Books
851,Fundamental actuating installation,35.09,Clothing
852,Assimilated well-modulated time-frame,93.18,Electronics
853,Reduced hybrid toolset,87.93,Clothing
854,Cross-platform fault-tolerant success,59.47,Home
855,Customer-focused upward-trending hardware,83.64,Books
856,Diverse motivating matrices,69.17,Outdoor
857,Upgradable multi-state productivity,15.04,Home
858,Progressive 24hour access,72.36,Outdoor
859,Re-engineered 24hour leverage,72.1,Outdoor
860,Fully-configurable optimal secured line,43.33,Home
861,Multi-tiered well-modulated success,79.86,Beauty
862,Organic cohesive toolset,71.28,Clothing
863,Face-to-face systematic ability,84.87,Books
864,Persistent web-enabled adapter,14.07,Home
865,De-engineered clear-thinking framework,49.84,Clothing
866,Distributed contextually-based policy,37.97,Home
867,Innovative composite open architecture,65.44,Outdoor
868,Object-based non-volatile parallelism,46.99,Home
869,Automated zero tolerance moderator,34.76,Home
870,Open-source exuding complexity,78.8,Beauty
871,Fully-configurable 5thgeneration moderator,16.23,Beauty
872,Vision-oriented maximized structure,26.97,Clothing
873,Customizable didactic Local Area Network,76.09,Beauty
874,Multi-channeled cohesive pricing structure,28.52,Electronics
875,Team-oriented neutral circuit,73.38,Beauty
876,Function-based regional budgetary management,30.72,Beauty
877,Managed bifurcated success,67.95,Clothing
878,Synergistic asynchronous info-mediaries,76.76,Clothing
879,Reactive intermediate frame,17.94,Beauty
880,Distributed executive Internet solution,89.99,Outdoor
881,Right-sized asymmetric interface,12.28,Outdoor
882,Digitized attitude-oriented paradigm,25.54,Home
883,Proactive 6thgeneration pricing structure,67.2,Electronics
884,Right-sized static project,98.12,Outdoor
885,Balanced secondary utilization,91.09,Beauty
886,Monitored mission-critical synergy,35.38,Beauty
887,User-friendly transitional functionalities,93.95,Electronics
888,Public-key high-level function,88.0,Books
889,Horizontal homogeneous encryption,53.11,Home
890,Total multimedia info-mediaries,86.68,Outdoor
891,Future-proofed context-sensitive collaboration,37.54,Outdoor
892,Open-architected web-enabled archive,88.19,Home
893,Digitized zero administration implementation,36.82,Beauty
894,Optional value-added hierarchy,52.61,Electronics
895,Reactive 3rdgeneration algorithm,42.41,Outdoor
896,Open-architected reciprocal circuit,24.66,Electronics
897,Multi-layered cohesive open architecture,28.71,Outdoor
898,Robust responsive toolset,95.78,Books
899,Diverse executive neural-net,21.48,Clothing
900,Decentralized well-modulated concept,61.99,Electronics
901,Upgradable human-resource extranet,31.84,Books
902,Persistent 5thgeneration alliance,13.05,Beauty
903,Reduced responsive policy,34.3,Beauty
904,Seamless homogeneous matrices,69.95,Clothing
905,Multi-channeled empowering database,78.65,Electronics
906,Universal scalable database,69.41,Electronics
907,Triple-buffered bandwidth-monitored software,91.15,Clothing
908,Persevering interactive initiative,10.55,Home
909,Balanced well-modulated installation,13.82,Clothing
910,Cross-group web-enabled frame,52.31,Outdoor
911,Diverse interactive initiative,61.47,Electronics
912,Programmable holistic structure,25.51,Electronics
913,Advanced didactic workforce,24.96,Home
914,Optimized well-modulated complexity,52.09,Electronics
915,Front-line fault-tolerant time-frame,33.55,Home
916,Persevering encompassing standardization,8.51,Books
917,Down-sized exuding middleware,28.72,Outdoor
918,Distributed systemic challenge,59.39,Outdoor
919,Fully-configurable zero administration solution,41.88,Beauty
920,Persevering stable knowledgebase,99.33,Clothing
921,Cross-platform asymmetric alliance,98.23,Books
922,Balanced content-based approach,87.51,Home
923,Team-oriented zero-defect intranet,53.5,Home
924,Synchronized bandwidth-monitored groupware,26.78,Books
925,Customer-focused didactic forecast,42.59,Outdoor
926,Inverse stable budgetary management,87.24,Home
927,Innovative client-driven success,34.47,Clothing
928,Object-based holistic circuit,31.78,Beauty
929,Cloned methodical hub,76.4,Books
930,Open-source tertiary success,90.36,Clothing
931,Multi-layered grid-enabled Internet solution,82.14,Home
932,Triple-buffered user-facing array,95.04,Books
933,Decentralized executive analyzer,60.88,Books
934,Sharable high-level data-warehouse,74.51,Outdoor
935,Operative disintermediate matrix,79.84,Electronics
936,Up-sized multimedia time-frame,74.71,Beauty
937,Total multi-state framework,69.29,Books
938,Visionary contextually-based throughput,69.47,Clothing
939,Persistent directional ability,53.45,Outdoor
940,Multi-lateral responsive access,69.65,Clothing
941,Customizable tangible model,98.34,Books
942,Stand-alone next generation superstructure,15.43,Outdoor
943,Stand-alone directional definition,15.9,Outdoor
944,Reactive 24hour Graphic Interface,8.38,Beauty
945,Horizontal client-driven open architecture,68.18,Beauty
946,Distributed needs-based software,35.56,Home
947,Focused global website,95.48,Home
948,Configurable attitude-oriented capacity,15.06,Outdoor
949,Expanded heuristic leverage,28.27,Electronics
950,Cross-platform logistical pricing structure,29.3,Electronics
951,Intuitive needs-based algorithm,55.71,Clothing
952,Networked actuating open architecture,85.97,Home
953,Reactive even-keeled concept,77.97,Books
954,Operative clear-thinking adapter,68.9,Clothing
955,Implemented next generation intranet,40.17,Books
956,Automated dynamic circuit,78.29,Clothing
957,Phased 24hour toolset,89.15,Home
958,Persistent fresh-thinking definition,38.46,Electronics
959,Reactive multi-tasking application,49.75,Electronics
960,Cross-group fault-tolerant collaboration,71.96,Beauty
961,Business-focused multi-state toolset,84.73,Home
962,Advanced methodical policy,72.26,Electronics
963,Polarized transitional website,69.09,Outdoor
964,Optional 5thgeneration process improvement,65.56,Beauty
965,Triple-buffered incremental help-desk,64.52,Outdoor
966,Robust grid-enabled standardization,67.51,Outdoor
967,Stand-alone demand-driven knowledgebase,75.5,Clothing
968,Mandatory bifurcated time-frame,44.18,Outdoor
969,Universal incremental system engine,16.47,Beauty
970,Seamless systemic approach,13.35,Electronics
971,Cross-platform local attitude,14.18,Books
972,Compatible incremental capacity,89.0,Outdoor
973,Progressive system-worthy contingency,76.98,Electronics
974,Reactive neutral algorithm,39.21,Clothing
975,Down-sized 3rdgeneration data-warehouse,35.94,Books
976,Decentralized uniform function,39.37,Books
977,Synchronized system-worthy help-desk,20.73,Home
978,Persevering bi-directional knowledge user,98.45,Beauty
979,Reactive client-driven strategy,23.63,Clothing
980,Future-proofed actuating matrices,93.79,Home
981,Cloned multi-tasking capacity,45.77,Beauty
982,Cross-platform intangible initiative,35.79,Beauty
983,Open-source intermediate support,44.74,Home
984,Expanded composite definition,56.19,Books
985,Progressive fresh-thinking process improvement,24.63,Electronics
986,Right-sized 3rdgeneration adapter,6.12,Beauty
987,Decentralized motivating website,40.84,Electronics
988,Multi-channeled holistic knowledgebase,46.61,Books
989,Operative asynchronous approach,70.8,Electronics
990,Triple-buffered impactful collaboration,14.8,Clothing
991,Re-engineered content-based extranet,58.6,Electronics
992,Enhanced actuating forecast,46.96,Electronics
993,Inverse 5thgeneration Graphic Interface,67.26,Beauty
994,Configurable system-worthy emulation,22.69,Books
995,Implemented needs-based core,10.83,Clothing
996,Ameliorated needs-based software,29.97,Books
997,Devolved encompassing leverage,23.22,Books
998,Monitored solution-oriented application,35.16,Beauty
999,Extended holistic synergy,26.56,Beauty
1000,Down-sized mobile Internet solution,45.87,Home
1001,Face-to-face 5thgeneration monitoring,71.78,Books
1002,Quality-focused modular benchmark,27.51,Outdoor
1003,User-friendly impactful alliance,35.71,Electronics
1004,Enterprise-wide mission-critical synergy,97.21,Books
1005,Vision-oriented foreground encoding,82.75,Books
1006,Re-engineered mobile implementation,19.32,Outdoor
1007,Realigned demand-driven methodology,87.27,Beauty
1008,Extended contextually-based flexibility,26.41,Books
1009,Implemented 24/7 array,40.2,Clothing
1010,Down-sized grid-enabled workforce,35.05,Outdoor
1011,Monitored dynamic model,27.33,Books
1012,Assimilated tertiary product,78.44,Books
1013,Sharable regional approach,54.12,Outdoor
1014,Programmable secondary standardization,23.34,Home
1015,Grass-roots context-sensitive benchmark,49.7,Clothing
1016,Profound impactful focus group,59.89,Books
1017,Open-architected optimizing benchmark,66.4,Electronics
1018,Persevering interactive structure,77.03,Books
1019,Decentralized tangible data-warehouse,38.09,Books
1020,Fundamental holistic moderator,60.47,Beauty
1021,Multi-tiered client-server secured line,13.56,Clothing
1022,Object-based bottom-line Graphical User Interface,66.49,Beauty
1023,Reduced upward-trending artificial intelligence,91.74,Outdoor
1024,Managed impactful capability,24.83,Outdoor
1025,Implemented multi-state forecast,57.86,Books
1026,Organized motivating knowledgebase,89.3,Books
1027,Right-sized intangible structure,41.22,Clothing
1028,Business-focused client-server flexibility,34.19,Clothing
1029,Multi-tiered fresh-thinking definition,6.2,Outdoor
1030,De-engineered logistical open architecture,77.63,Electronics
1031,Proactive global frame,68.07,Outdoor
1032,Pre-emptive 4thgeneration definition,85.06,Clothing
1033,Object-based upward-trending conglomeration,59.96,Home
1034,Total intangible budgetary management,91.62,Beauty
1035,Up-sized responsive pricing structure,23.36,Electronics
1036,Pre-emptive scalable protocol,41.67,Electronics
1037,Advanced non-volatile definition,98.82,Outdoor
1038,Triple-buffered hybrid attitude,45.0,Books
1039,User-centric bandwidth-monitored moderator,70.71,Books
1040,Polarized composite process improvement,6.54,Home
1041,Compatible contextually-based secured line,63.66,Home
1042,Switchable needs-based hub,46.86,Outdoor
1043,Optional fresh-thinking core,67.74,Electronics
1044,Upgradable 24hour secured line,97.9,Electronics
1045,Configurable needs-based function,55.74,Home
1046,Implemented grid-enabled access,77.0,Electronics
1047,Public-key bi-directional archive,34.86,Outdoor
1048,Profound stable benchmark,64.55,Clothing
1049,Universal empowering artificial intelligence,76.02,Electronics
1050,Managed non-volatile support,84.7,Home
1051,Synergistic actuating Graphical User Interface,91.31,Electronics
1052,Optimized non-volatile contingency,22.27,Beauty
1053,Virtual directional info-mediaries,66.92,Clothing
1054,Re-contextualized real-time migration,80.32,Outdoor
1055,Sharable encompassing solution,75.85,Beauty
1056,Multi-channeled motivating projection,26.05,Outdoor
1057,Visionary interactive extranet,85.57,Books
1058,Multi-lateral heuristic Graphical User Interface,87.81,Electronics
1059,Centralized context-sensitive infrastructure,90.68,Books
1060,Implemented neutral parallelism,22.1,Outdoor
1061,Multi-channeled non-volatile emulation,37.94,Electronics
1062,Down-sized clear-thinking methodology,66.36,Home
1063,Grass-roots mobile Local Area Network,97.24,Beauty
1064,Intuitive static definition,67.81,Clothing
1065,Inverse multi-tasking complexity,94.51,Electronics
1066,Automated secondary infrastructure,29.31,Books
1067,Customer-focused directional toolset,38.49,Electronics
1068,Implemented system-worthy project,20.87,Books
1069,User-friendly mission-critical superstructure,73.74,Outdoor
1070,Team-oriented transitional installation,39.06,Electronics
1071,Reverse-engineered dedicated policy,75.49,Outdoor
1072,Integrated leadingedge database,62.1,Clothing
1073,Phased national concept,79.42,Beauty
1074,Organic discrete superstructure,81.38,Books
1075,Organized motivating implementation,57.17,Clothing
1076,Visionary real-time function,89.3,Electronics
1077,Exclusive high-level algorithm,80.92,Outdoor
1078,Quality-focused scalable portal,31.47,Books
1079,Business-focused optimal capability,24.26,Outdoor
1080,Streamlined dedicated encoding,94.19,Outdoor
1081,Robust exuding architecture,74.64,Outdoor
1082,User-centric intermediate info-mediaries,92.36,Beauty
1083,Fundamental non-volatile adapter,56.84,Beauty
1084,Down-sized executive framework,35.86,Books
1085,User-friendly background model,36.64,Beauty
1086,Vision-oriented explicit leverage,88.5,Electronics
1087,Reactive radical interface,94.41,Clothing
1088,Assimilated grid-enabled Local Area Network,41.77,Clothing
1089,Face-to-face executive website,30.98,Clothing
1090,Fully-configurable cohesive info-mediaries,90.84,Outdoor
1091,Expanded upward-trending info-mediaries,90.48,Books
1092,Upgradable encompassing secured line,41.35,Clothing
1093,Visionary object-oriented help-desk,51.77,Home
1094,Automated user-facing standardization,24.07,Electronics
1095,Enhanced interactive Graphic Interface,58.5,Outdoor
1096,Polarized 24/7 array,34.27,Outdoor
1097,Up-sized encompassing utilization,67.73,Home
1098,Realigned transitional implementation,99.84,Outdoor
1099,Down-sized global installation,15.89,Electronics
1100,Operative bi-directional collaboration,23.64,Clothing
1101,Phased discrete definition,7.14,Outdoor
1102,Cross-platform reciprocal throughput,6.52,Beauty
1103,Decentralized global firmware,62.87,Home
1104,Public-key background workforce,20.32,Electronics
1105,Multi-lateral 4thgeneration ability,70.95,Outdoor
1106,Optional asymmetric task-force,54.76,Books
1107,Inverse cohesive project,27.83,Electronics
1108,Assimilated didactic standardization,45.14,Outdoor
1109,Business-focused directional Graphical User Interface,88.82,Electronics
1110,Managed motivating time-frame,36.08,Home
1111,Re-contextualized next generation knowledgebase,94.08,Clothing
1112,Customer-focused real-time leverage,51.53,Books
1113,Distributed bi-directional frame,35.01,Electronics
1114,Up-sized object-oriented orchestration,53.53,Electronics
1115,Front-line didactic hardware,23.42,Clothing
1116,Team-oriented real-time concept,92.38,Books
1117,Mandatory incremental task-force,62.68,Beauty
1118,Quality-focused bandwidth-monitored open system,64.47,Outdoor
1119,Synergized optimizing encryption,69.3,Books
1120,Future-proofed empowering service-desk,66.88,Clothing
1121,Extended scalable process improvement,81.82,Beauty
1122,Enterprise-wide client-server extranet,25.51,Outdoor
1123,Intuitive zero administration Local Area Network,80.44,Electronics
1124,Reactive multimedia database,36.7,Beauty
1125,Quality-focused zero tolerance strategy,62.32,Books
1126,Mandatory didactic synergy,88.52,Books
1127,Upgradable optimizing core,17.94,Clothing
1128,De-engineered methodical artificial intelligence,11.21,Home
1129,Reverse-engineered fault-tolerant neural-net,21.62,Home
1130,De-engineered maximized infrastructure,72.75,Outdoor
1131,Future-proofed needs-based infrastructure,50.97,Electronics
1132,Realigned executive firmware,45.27,Beauty
1133,Down-sized well-modulated circuit,31.69,Books
1134,User-friendly grid-enabled success,40.36,Clothing
1135,Reduced optimizing customer loyalty,22.62,Beauty
1136,Function-based executive database,90.91,Electronics
1137,Business-focused content-based artificial intelligence,48.75,Beauty
1138,Vision-oriented stable function,77.05,Clothing
1139,Managed bi-directional focus group,91.57,Clothing
1140,Re-engineered high-level knowledgebase,94.25,Home
1141,Synchronized systemic matrices,88.32,Clothing
1142,Focused web-enabled moratorium,98.39,Books
1143,Business-focused bandwidth-monitored success,36.28,Books
1144,Stand-alone static customer loyalty,67.38,Electronics
1145,Reduced transitional info-mediaries,23.87,Beauty
1146,Synergized actuating Graphic Interface,13.37,Clothing
1147,Public-key disintermediate secured line,75.72,Clothing
1148,Advanced tertiary infrastructure,80.78,Books
1149,Right-sized incremental pricing structure,28.88,Home
1150,Reverse-engineered dedicated array,79.26,Home
1151,Reactive regional Local Area Network,99.22,Home
1152,Reduced interactive hierarchy,78.33,Home
1153,Multi-tiered exuding info-mediaries,28.99,Outdoor
1154,Business-focused disintermediate circuit,50.52,Home
1155,Robust bottom-line implementation,49.91,Beauty
1156,Ergonomic leadingedge orchestration,58.82,Home
1157,Pre-emptive 24hour Internet solution,52.74,Home
1158,Decentralized multi-tasking emulation,37.94,Books
1159,Advanced stable policy,68.6,Electronics
1160,Intuitive actuating moderator,16.22,Home
1161,Assimilated radical hardware,40.26,Books
1162,Fully-configurable mission-critical complexity,60.04,Electronics
1163,Total system-worthy standardization,10.27,Outdoor
1164,Assimilated solution-oriented portal,67.79,Electronics
1165,Profit-focused fresh-thinking flexibility,53.71,Home
1166,Expanded asynchronous infrastructure,32.42,Home
1167,Fully-configurable disintermediate circuit,72.21,Electronics
1168,Total contextually-based project,37.84,Home
1169,Programmable multi-state portal,34.72,Clothing
1170,Inverse intermediate algorithm,97.94,Home
1171,Secured context-sensitive synergy,46.02,Beauty
1172,Distributed value-added instruction set,78.58,Books
1173,Total intangible framework,69.44,Books
1174,Multi-layered web-enabled ability,67.49,Home
1175,Operative intermediate core,48.63,Home
1176,Customizable interactive leverage,75.47,Home
1177,Organic local capacity,64.32,Outdoor
1178,Customizable client-driven firmware,59.66,Clothing
1179,Polarized content-based alliance,30.15,Outdoor
1180,Ergonomic tangible access,65.23,Home
1181,Intuitive intermediate matrix,89.9,Clothing
1182,Visionary neutral firmware,66.13,Books
1183,Focused 4thgeneration product,63.79,Books
1184,Customizable homogeneous hub,8.5,Outdoor
1185,Networked optimizing superstructure,31.24,Books
1186,Profit-focused optimizing database,83.63,Outdoor
1187,Assimilated maximized website,12.9,Home
1188,Optional coherent model,58.51,Electronics
1189,Optimized actuating orchestration,36.88,Books
1190,Cross-group bottom-line time-frame,38.18,Electronics
1191,Horizontal uniform Internet solution,72.62,Electronics
1192,Extended attitude-oriented collaboration,31.95,Books
1193,User-friendly bifurcated website,69.81,Clothing
1194,Enhanced tangible open architecture,74.03,Outdoor
1195,Managed national approach,97.77,Outdoor
1196,Enhanced upward-trending circuit,17.12,Books
1197,Triple-buffered full-range encryption,36.14,Beauty
1198,Down-sized executive hierarchy,64.58,Electronics
1199,Balanced intangible migration,71.5,Outdoor
1200,Synergistic system-worthy moderator,52.41,Clothing
1201,Business-focused optimal success,100.46,Home
1202,Devolved explicit framework,34.24,Outdoor
1203,Inverse logistical installation,62.67,Clothing
1204,Right-sized tangible collaboration,16.75,Outdoor
1205,Multi-lateral client-server capacity,33.7,Outdoor
1206,Triple-buffered full-range open architecture,92.74,Beauty
1207,Streamlined didactic knowledge user,12.55,Electronics
1208,Organic methodical groupware,45.46,Beauty
1209,Open-source composite Graphic Interface,45.22,Outdoor
1210,Centralized non-volatile matrix,7.99,Outdoor
1211,Diverse attitude-oriented structure,57.69,Home
1212,Implemented encompassing encoding,69.63,Electronics
1213,Customer-focused client-server data-warehouse,41.99,Clothing
1214,Business-focused asymmetric interface,89.64,Outdoor
1215,Operative multi-state data-warehouse,38.15,Beauty
1216,Balanced 6thgeneration project,88.75,Home
1217,Configurable incremental productivity,76.07,Clothing
1218,Monitored heuristic throughput,72.77,Home
1219,Pre-emptive demand-driven adapter,16.21,Clothing
1220,Function-based 3rdgeneration workforce,15.9,Clothing
1221,Streamlined methodical forecast,24.79,Books
1222,Reverse-engineered regional archive,25.75,Outdoor
1223,Devolved contextually-based Local Area Network,36.65,Clothing
1224,Seamless didactic moratorium,21.56,Home
1225,Multi-lateral executive approach,68.17,Beauty
1226,Customizable bi-directional software,16.03,Home
1227,Configurable system-worthy frame,91.04,Outdoor
1228,Optional tangible secured line,29.59,Home
1229,Customizable 6thgeneration benchmark,96.43,Clothing
1230,Integrated client-driven hub,40.3,Clothing
1231,Progressive motivating flexibility,93.95,Beauty
1232,Universal value-added knowledgebase,80.19,Outdoor
1233,Exclusive optimal benchmark,56.9,Home
1234,Object-based radical challenge,34.28,Outdoor
1235,Configurable zero administration moratorium,25.99,Books
1236,Networked zero-defect info-mediaries,25.07,Outdoor
1237,Open-source coherent benchmark,78.97,Outdoor
1238,Adaptive solution-oriented extranet,77.63,Books
1239,Open-source exuding array,45.44,Electronics
1240,Persevering well-modulated secured line,54.77,Beauty
1241,Cross-platform next generation extranet,81.01,Clothing
1242,User-centric systemic forecast,83.75,Home
1243,Multi-layered didactic archive,80.87,Home
1244,Adaptive radical neural-net,35.93,Clothing
1245,Operative responsive challenge,56.14,Books
1246,Horizontal heuristic flexibility,93.12,Home
1247,Persistent executive database,50.91,Electronics
1248,Inverse client-driven monitoring,26.44,Electronics
1249,De-engineered bandwidth-monitored circuit,87.79,Clothing
1250,Decentralized zero-defect portal,43.8,Clothing
1251,Operative tertiary complexity,96.56,Clothing
1252,Sharable grid-enabled functionalities,16.19,Beauty
1253,Optional explicit structure,80.14,Home
1254,Face-to-face 24/7 moderator,72.15,Clothing
1255,Horizontal didactic productivity,21.47,Outdoor
1256,Operative stable attitude,13.06,Beauty
1257,Innovative fault-tolerant synergy,72.59,Books
1258,Configurable empowering contingency,28.01,Books
1259,Inverse bandwidth-monitored flexibility,65.22,Books
1260,Team-oriented 3rdgeneration database,7.39,Books
1261,Future-proofed modular paradigm,23.3,Home
1262,De-engineered background encoding,57.47,Clothing
1263,Managed bi-directional website,94.69,Electronics
1264,Multi-layered stable alliance,34.38,Beauty
1265,Innovative object-oriented initiative,91.84,Outdoor
1266,Extended dedicated productivity,84.22,Outdoor
1267,Future-proofed fresh-thinking process improvement,82.76,Clothing
1268,Multi-tiered regional instruction set,92.21,Beauty
1269,Multi-channeled transitional ability,26.36,Outdoor
1270,Enterprise-wide heuristic extranet,80.8,Beauty
1271,Total composite service-desk,62.94,Books
1272,Front-line zero-defect success,51.42,Home
1273,Advanced logistical middleware,33.66,Home
1274,Horizontal regional support,63.57,Beauty
1275,Distributed needs-based standardization,95.2,Outdoor
1276,Re-contextualized executive architecture,72.28,Electronics
1277,Robust zero-defect project,71.66,Outdoor
1278,Universal 4thgeneration emulation,90.92,Clothing
1279,Polarized asymmetric project,44.57,Beauty
1280,Advanced multi-state website,87.46,Books
1281,Business-focused maximized array,48.1,Clothing
1282,Balanced needs-based help-desk,49.55,Home
1283,Reverse-engineered 5thgeneration intranet,42.48,Home
1284,Managed systematic attitude,23.39,Home
1285,Stand-alone homogeneous solution,18.03,Clothing
1286,Organic attitude-oriented workforce,66.43,Beauty
1287,Team-oriented empowering core,43.62,Clothing
1288,Advanced reciprocal hardware,8.58,Outdoor
1289,Reverse-engineered bandwidth-monitored utilization,31.05,Home
1290,Polarized solution-oriented capacity,66.02,Home
1291,Total static matrices,55.56,Clothing
1292,Face-to-face exuding flexibility,25.11,Beauty
1293,Robust bottom-line installation,94.97,Home
1294,Proactive tertiary project,36.32,Books
1295,Upgradable real-time parallelism,84.43,Books
1296,Visionary executive projection,50.43,Home
1297,Ergonomic foreground solution,84.05,Home
1298,Front-line value-added Graphic Interface,72.24,Beauty
1299,Multi-lateral scalable Local Area Network,10.55,Books
1300,Multi-lateral upward-trending budgetary management,30.97,Clothing
1301,Front-line value-added time-frame,47.66,Books
1302,Fully-configurable 24/7 superstructure,100.2,Home
1303,Robust high-level structure,82.58,Beauty
1304,Business-focused clear-thinking intranet,94.42,Electronics
1305,Managed well-modulated data-warehouse,100.32,Beauty
1306,Focused context-sensitive task-force,38.42,Home
1307,Fully-configurable executive definition,15.43,Beauty
1308,Advanced zero administration knowledgebase,93.65,Electronics
1309,Horizontal mission-critical algorithm,29.09,Outdoor
1310,Distributed exuding matrix,8.0,Home
1311,Reverse-engineered responsive interface,66.92,Books
1312,Cross-group demand-driven Graphical User Interface,74.96,Beauty
1313,Extended 24hour adapter,53.38,Home
1314,Mandatory impactful superstructure,25.22,Electronics
1315,Secured radical architecture,58.49,Home
1316,Exclusive content-based implementation,43.38,Electronics
1317,Vision-oriented next generation interface,94.09,Outdoor
1318,Reverse-engineered foreground moderator,93.13,Outdoor
1319,Advanced bandwidth-monitored capacity,100.46,Home
1320,Profit-focused executive throughput,30.26,Beauty
1321,Multi-channeled background instruction set,80.59,Beauty
1322,Optimized systemic help-desk,76.08,Outdoor
1323,Down-sized zero administration Graphic Interface,31.14,Clothing
1324,Cross-group uniform utilization,62.11,Outdoor
1325,Enterprise-wide 5thgeneration service-desk,14.75,Beauty
1326,Pre-emptive client-server open architecture,58.68,Beauty
1327,Organic clear-thinking encoding,93.11,Outdoor
1328,Right-sized real-time knowledge user,35.91,Home
1329,Networked full-range secured line,12.03,Beauty
1330,Digitized leadingedge paradigm,52.83,Outdoor
1331,Open-source fresh-thinking architecture,41.03,Clothing
1332,Upgradable background ability,71.86,Outdoor
1333,Realigned human-resource software,81.89,Outdoor
1334,Profit-focused tertiary algorithm,65.76,Books
1335,Compatible zero-defect Internet solution,71.37,Books
1336,Diverse responsive implementation,61.28,Books
1337,Total asymmetric archive,66.74,Books
1338,Balanced foreground service-desk,8.73,Clothing
1339,Organic upward-trending portal,6.39,Outdoor
1340,Intuitive executive groupware,83.54,Beauty
1341,Down-sized client-server archive,49.32,Clothing
1342,Cross-platform coherent complexity,52.13,Clothing
1343,Ergonomic modular emulation,45.14,Beauty
1344,Face-to-face high-level benchmark,52.02,Clothing
1345,Multi-channeled object-oriented extranet,87.39,Books
1346,Persistent full-range Graphic Interface,62.48,Outdoor
1347,Versatile contextually-based info-mediaries,15.27,Books
1348,Self-enabling directional functionalities,66.11,Home
1349,Reverse-engineered fresh-thinking protocol,92.39,Books
1350,Organized eco-centric monitoring,13.4,Clothing
1351,Sharable system-worthy frame,47.16,Electronics
1352,Realigned attitude-oriented alliance,94.25,Home
1353,Up-sized coherent circuit,6.85,Electronics
1354,Customer-focused fresh-thinking capacity,82.83,Home
1355,Triple-buffered hybrid Internet solution,40.24,Home
1356,Horizontal 6thgeneration ability,61.04,Electronics
1357,Enterprise-wide global migration,19.08,Outdoor
1358,Assimilated foreground interface,69.29,Electronics
1359,Function-based context-sensitive infrastructure,14.28,Outdoor
1360,Open-source 3rdgeneration paradigm,60.51,Books
1361,Function-based maximized project,65.23,Outdoor
1362,Compatible leadingedge architecture,18.34,Outdoor
1363,Intuitive 6thgeneration adapter,36.62,Electronics
1364,Proactive bi-directional throughput,7.29,Beauty
1365,Expanded secondary moratorium,69.54,Books
1366,Right-sized responsive complexity,71.09,Home
1367,Cloned multimedia productivity,63.21,Home
1368,Extended eco-centric instruction set,93.32,Clothing
1369,Horizontal non-volatile archive,65.6,Beauty
1370,Intuitive static firmware,9.98,Books
1371,Optional multi-state alliance,47.91,Beauty
1372,Automated modular migration,89.04,Outdoor
1373,Business-focused optimal definition,70.36,Outdoor
1374,Cross-platform bi-directional customer loyalty,9.69,Beauty
1375,Business-focused local orchestration,86.38,Books
1376,Horizontal impactful utilization,93.4,Outdoor
1377,Ergonomic eco-centric hardware,66.64,Outdoor
1378,Total real-time website,86.54,Outdoor
1379,Open-source 5thgeneration structure,71.18,Clothing
1380,Streamlined empowering software,99.9,Clothing
1381,Advanced local utilization,34.08,Beauty
1382,Profit-focused asymmetric challenge,8.24,Home
1383,Sharable human-resource parallelism,14.55,Home
1384,Open-source eco-centric function,37.95,Electronics
1385,Implemented logistical capability,41.01,Books
1386,Devolved content-based capability,92.34,Beauty
1387,Centralized encompassing open architecture,26.81,Books
1388,Ergonomic coherent hub,64.7,Clothing
1389,Centralized tangible paradigm,28.77,Beauty
1390,Cloned even-keeled project,92.17,Outdoor
1391,Future-proofed bi-directional service-desk,7.36,Beauty
1392,Customizable dedicated contingency,12.21,Books
1393,Inverse cohesive solution,22.51,Electronics
1394,Upgradable tangible portal,75.14,Outdoor
1395,Customizable intermediate artificial intelligence,25.94,Beauty
1396,Seamless user-facing website,73.27,Books
1397,Intuitive asynchronous complexity,83.97,Beauty
1398,Persistent dedicated throughput,82.14,Outdoor
1399,Upgradable modular pricing structure,42.64,Books
1400,Monitored discrete superstructure,60.23,Outdoor
1401,Business-focused global system engine,50.68,Electronics
1402,Multi-lateral mission-critical algorithm,50.66,Electronics
1403,Persistent directional throughput,63.33,Outdoor
1404,Expanded asymmetric throughput,38.6,Outdoor
1405,Programmable 5thgeneration encryption,10.22,Home
1406,Object-based 24/7 utilization,63.91,Home
1407,Re-contextualized static moderator,14.14,Home
1408,Advanced intermediate alliance,79.66,Books
1409,Phased systematic flexibility,47.01,Beauty
1410,Polarized static application,27.86,Beauty
1411,Integrated methodical application,8.88,Electronics
1412,Fundamental intangible moratorium,31.51,Beauty
1413,Fundamental 3rdgeneration capability,87.3,Electronics
1414,Pre-emptive 24/7 migration,69.3,Outdoor
1415,Public-key optimal Graphical User Interface,34.42,Clothing
1416,Assimilated client-driven alliance,73.44,Books
1417,Vision-oriented holistic task-force,75.92,Electronics
1418,Horizontal contextually-based forecast,58.65,Beauty
1419,Mandatory dedicated intranet,43.36,Home
1420,Realigned bifurcated Internet solution,49.53,Books
1421,Devolved motivating model,55.63,Clothing
1422,Persistent reciprocal moderator,56.88,Electronics
1423,Optional zero administration customer loyalty,51.23,Books
1424,Re-engineered foreground functionalities,71.0,Electronics
1425,Persistent clear-thinking infrastructure,61.6,Clothing
1426,Re-contextualized asymmetric structure,12.77,Clothing
1427,Progressive analyzing standardization,48.56,Beauty
1428,Switchable actuating emulation,54.63,Outdoor
1429,Fundamental transitional orchestration,94.56,Clothing
1430,Devolved solution-oriented frame,81.75,Home
1431,Ameliorated multi-state Local Area Network,52.11,Outdoor
1432,Cross-group homogeneous middleware,10.31,Clothing
1433,Operative regional Graphical User Interface,86.13,Books
1434,Sharable modular portal,75.06,Clothing
1435,Enterprise-wide secondary throughput,80.26,Electronics
1436,Object-based 24hour synergy,53.28,Electronics
1437,Grass-roots needs-based orchestration,65.87,Clothing
1438,Programmable optimal instruction set,97.81,Clothing
1439,Multi-lateral homogeneous approach,91.58,Outdoor
1440,Visionary eco-centric system engine,80.9,Home
1441,Optional bandwidth-monitored extranet,55.11,Beauty
1442,Grass-roots grid-enabled collaboration,92.75,Clothing
1443,Multi-layered human-resource algorithm,74.66,Clothing
1444,Realigned responsive middleware,16.61,Home
1445,Self-enabling heuristic project,64.94,Clothing
1446,Ergonomic 24/7 knowledgebase,83.23,Clothing
1447,Balanced contextually-based concept,50.7,Home
1448,Proactive fresh-thinking frame,96.82,Clothing
1449,Enhanced bi-directional software,100.3,Electronics
1450,Switchable homogeneous software,87.43,Beauty
1451,Adaptive composite help-desk,35.34,Books
1452,Open-architected regional core,72.52,Outdoor
1453,Decentralized background ability,9.96,Beauty
1454,Vision-oriented mobile complexity,28.69,Clothing
1455,Triple-buffered next generation model,48.9,Home
1456,Compatible optimizing algorithm,15.59,Electronics
1457,Synergized real-time application,16.32,Electronics
1458,Digitized tangible database,26.57,Electronics
1459,Future-proofed leadingedge collaboration,65.66,Outdoor
1460,Cross-platform intangible info-mediaries,71.29,Clothing
1461,Public-key asymmetric groupware,26.07,Beauty
1462,Advanced actuating projection,95.72,Books
1463,Grass-roots hybrid help-desk,58.17,Books
1464,Stand-alone demand-driven infrastructure,64.08,Clothing
1465,Right-sized 24/7 productivity,10.16,Electronics
1466,Robust 24hour concept,28.58,Outdoor
1467,Team-oriented bi-directional function,41.02,Beauty
1468,Switchable value-added extranet,58.36,Home
1469,Open-source actuating capacity,46.84,Electronics
1470,Function-based systematic neural-net,72.78,Electronics
1471,Fundamental homogeneous focus group,81.48,Outdoor
1472,Customer-focused 24/7 conglomeration,26.36,Electronics
1473,De-engineered encompassing product,94.24,Outdoor
1474,Extended explicit workforce,48.48,Home
1475,Profound 4thgeneration collaboration,30.78,Books
1476,Cross-platform reciprocal extranet,30.19,Beauty
1477,Ergonomic value-added interface,20.38,Beauty
1478,Up-sized optimal flexibility,80.94,Books
1479,Pre-emptive context-sensitive conglomeration,70.88,Home
1480,Realigned intermediate approach,49.23,Beauty
1481,User-friendly hybrid throughput,85.55,Outdoor
1482,Compatible asynchronous utilization,7.78,Electronics
1483,Business-focused optimal array,59.42,Books
1484,Up-sized motivating process improvement,15.84,Electronics
1485,Re-engineered encompassing customer loyalty,58.28,Clothing
1486,Enterprise-wide mission-critical conglomeration,84.47,Books
1487,Reverse-engineered responsive Graphical User Interface,62.6,Books
1488,Networked responsive neural-net,10.6,Clothing
1489,Multi-tiered multi-state function,66.11,Outdoor
1490,Advanced 24hour Graphical User Interface,60.83,Clothing
1491,Streamlined executive firmware,25.13,Beauty
1492,Robust holistic customer loyalty,21.21,Home
1493,Operative global ability,48.48,Electronics
1494,Triple-buffered zero tolerance data-warehouse,89.65,Electronics
1495,Visionary 24/7 Graphical User Interface,15.89,Books
1496,Centralized bi-directional access,25.75,Home
1497,Programmable reciprocal moratorium,69.29,Outdoor
1498,Open-architected solution-oriented interface,66.74,Clothing
1499,Robust bottom-line product,20.96,Beauty
1500,Reduced reciprocal hierarchy,81.0,Books
